round, cid, loss, accuracy, model_size, train_time, cyfer_time, decyfer_time
1, 7, 0.983123779296875, 0.7824675440788269, 904408, 0.7308475971221924, 0, 0
1, 1, 0.2527049481868744, 0.9294860363006592, 904408, 1.484405517578125, 0, 0
2, 1, 0.0858997255563736, 0.9744489192962646, 904408, 0.9039714336395264, 0, 0
2, 5, 0.04745718464255333, 0.9918699264526367, 904408, 1.1802101135253906, 0, 0
2, 2, 0.21520987153053284, 0.9474641680717468, 904408, 1.2354636192321777, 0, 0
2, 6, 0.0694275051355362, 0.9843226671218872, 904408, 1.3801898956298828, 0, 0
2, 8, 0.4023612141609192, 0.9120562672615051, 904408, 1.4309515953063965, 0, 0
3, 7, 0.25518614053726196, 0.9334415793418884, 904408, 0.12223696708679199, 0, 0
3, 5, 0.039875950664281845, 0.9926090240478516, 904408, 0.17252516746520996, 0, 0
3, 8, 0.20084872841835022, 0.9387592077255249, 904408, 0.4012618064880371, 0, 0
3, 4, 0.04644445329904556, 0.9861830472946167, 904408, 0.94138503074646, 0, 0
3, 9, 0.31092512607574463, 0.9142109751701355, 904408, 1.2252583503723145, 0, 0
4, 7, 0.14033256471157074, 0.9642857313156128, 904408, 0.1173548698425293, 0, 0
4, 5, 0.04482318460941315, 0.9852180480957031, 904408, 0.15550541877746582, 0, 0
4, 6, 0.04153624176979065, 0.9890124797821045, 904408, 0.6289050579071045, 0, 0
4, 1, 0.07941339164972305, 0.9747997522354126, 904408, 0.9122829437255859, 0, 0
4, 3, 0.23184242844581604, 0.9315129518508911, 904408, 1.057307481765747, 0, 0
5, 5, 0.04921094700694084, 0.9896526336669922, 904408, 0.1888885498046875, 0, 0
5, 3, 0.3228711485862732, 0.9122650027275085, 904408, 0.41057372093200684, 0, 0
5, 4, 0.02336648851633072, 0.9926597476005554, 904408, 0.4237651824951172, 0, 0
5, 1, 0.05190037190914154, 0.9831023812294006, 904408, 1.0049660205841064, 0, 0
5, 0, 0.25251924991607666, 0.934283971786499, 904408, 1.1874806880950928, 0, 0
6, 5, 0.03142764791846275, 0.9911308288574219, 904408, 0.348430871963501, 0, 0
6, 3, 0.2586875259876251, 0.922560453414917, 904408, 0.47228026390075684, 0, 0
6, 4, 0.02046901546418667, 0.9928756356239319, 904408, 0.4963998794555664, 0, 0
6, 9, 0.20631855726242065, 0.945331871509552, 904408, 0.6350095272064209, 0, 0
6, 6, 0.03230375424027443, 0.9910223484039307, 904408, 0.6415753364562988, 0, 0
7, 7, 0.0938991904258728, 0.9707792401313782, 904408, 0.15179944038391113, 0, 0
7, 3, 0.1341189295053482, 0.9612802267074585, 904408, 0.43773746490478516, 0, 0
7, 0, 0.17250753939151764, 0.9517979025840759, 904408, 0.5629723072052002, 0, 0
7, 6, 0.021780097857117653, 0.9939702749252319, 904408, 0.5960650444030762, 0, 0
7, 9, 0.09648418426513672, 0.971220076084137, 904408, 0.5979084968566895, 0, 0
8, 5, 0.041415225714445114, 0.9866962432861328, 904408, 0.1865530014038086, 0, 0
8, 3, 0.10942184180021286, 0.9677708148956299, 904408, 0.4315810203552246, 0, 0
8, 2, 0.09726519137620926, 0.9724812507629395, 904408, 0.46523094177246094, 0, 0
8, 8, 0.07766678184270859, 0.9744163751602173, 904408, 0.5105359554290771, 0, 0
8, 0, 0.09200523048639297, 0.9747365117073059, 904408, 0.557138204574585, 0, 0
9, 3, 0.10253260284662247, 0.9675469994544983, 904408, 0.4734508991241455, 0, 0
9, 2, 0.0740388035774231, 0.9797589182853699, 904408, 0.5066609382629395, 0, 0
9, 8, 0.053588204085826874, 0.9814518690109253, 904408, 0.6068305969238281, 0, 0
9, 9, 0.07648835331201553, 0.9764527678489685, 904408, 0.6461377143859863, 0, 0
9, 1, 0.050082359462976456, 0.9831608533859253, 904408, 1.0884308815002441, 0, 0
10, 5, 0.02521335892379284, 0.990391731262207, 904408, 0.16560029983520508, 0, 0
10, 3, 0.09515316784381866, 0.9688898921012878, 904408, 0.44454240798950195, 0, 0
10, 2, 0.07584802806377411, 0.9768023490905762, 904408, 0.44804883003234863, 0, 0
10, 8, 0.08306411653757095, 0.9744163751602173, 904408, 0.5353798866271973, 0, 0
10, 0, 0.08608699589967728, 0.9745815396308899, 904408, 0.5600326061248779, 0, 0
11, 7, 0.1325788050889969, 0.9561688303947449, 904408, 0.13007068634033203, 0, 0
11, 5, 0.06649615615606308, 0.9770879745483398, 904408, 0.17026925086975098, 0, 0
11, 9, 0.0793711245059967, 0.9748003482818604, 904408, 0.5359208583831787, 0, 0
11, 6, 0.01770271360874176, 0.9949082136154175, 904408, 0.5578916072845459, 0, 0
11, 1, 0.04279383271932602, 0.9856165647506714, 904408, 0.9759671688079834, 0, 0
12, 7, 0.10590557008981705, 0.9707792401313782, 904408, 0.12443232536315918, 0, 0
12, 4, 0.02106960490345955, 0.9933074116706848, 904408, 0.44710254669189453, 0, 0
12, 0, 0.08843065053224564, 0.9736515879631042, 904408, 0.5645544528961182, 0, 0
12, 6, 0.014419443905353546, 0.9959801435470581, 904408, 0.6017715930938721, 0, 0
12, 1, 0.031460072845220566, 0.989943265914917, 904408, 1.018805742263794, 0, 0
13, 5, 0.032278839498758316, 0.9881744384765625, 904408, 0.20984363555908203, 0, 0
13, 4, 0.022911664098501205, 0.9933074116706848, 904408, 0.47721195220947266, 0, 0
13, 8, 0.08883155882358551, 0.975375771522522, 904408, 0.5506737232208252, 0, 0
13, 0, 0.06625685840845108, 0.9795412421226501, 904408, 0.5776557922363281, 0, 0
13, 1, 0.024106133729219437, 0.9916388988494873, 904408, 1.0318856239318848, 0, 0
14, 7, 0.060299042612314224, 0.9853895902633667, 904408, 0.16996169090270996, 0, 0
14, 2, 0.06325501203536987, 0.9808960556983948, 904408, 0.4597127437591553, 0, 0
14, 4, 0.01896846853196621, 0.9926597476005554, 904408, 0.47332215309143066, 0, 0
14, 6, 0.014959832653403282, 0.9945062398910522, 904408, 0.6075973510742188, 0, 0
14, 1, 0.022906722500920296, 0.9925159215927124, 904408, 1.0352356433868408, 0, 0
15, 4, 0.016610143706202507, 0.995250403881073, 904408, 0.5250098705291748, 0, 0
15, 0, 0.05853734537959099, 0.9826410412788391, 904408, 0.6411974430084229, 0, 0
15, 9, 0.09444501250982285, 0.971220076084137, 904408, 0.6835818290710449, 0, 0
15, 6, 0.013360711745917797, 0.9955781698226929, 904408, 0.7210502624511719, 0, 0
15, 1, 0.016357289627194405, 0.9945623278617859, 904408, 1.1490676403045654, 0, 0
16, 7, 0.0636420026421547, 0.9788960814476013, 904408, 0.12386703491210938, 0, 0
16, 2, 0.05509423837065697, 0.9822606444358826, 904408, 0.42745447158813477, 0, 0
16, 8, 0.05865609273314476, 0.9828909635543823, 904408, 0.5239181518554688, 0, 0
16, 0, 0.04999592900276184, 0.9840359687805176, 904408, 0.555983304977417, 0, 0
16, 1, 0.020518455654382706, 0.9935098886489868, 904408, 1.0040791034698486, 0, 0
17, 7, 0.07859448343515396, 0.9772727489471436, 904408, 0.10477471351623535, 0, 0
17, 5, 0.015106124803423882, 0.9940872192382812, 904408, 0.17296552658081055, 0, 0
17, 8, 0.04887242242693901, 0.985929012298584, 904408, 0.48311376571655273, 0, 0
17, 0, 0.03757079318165779, 0.9879107475280762, 904408, 0.4950549602508545, 0, 0
17, 1, 0.013350852765142918, 0.9964333772659302, 904408, 0.958040714263916, 0, 0
18, 3, 0.16920408606529236, 0.9556848406791687, 904408, 0.49150943756103516, 0, 0
18, 4, 0.020902352407574654, 0.9935232996940613, 904408, 0.49910831451416016, 0, 0
18, 8, 0.04721448943018913, 0.9867284893989563, 904408, 0.6094768047332764, 0, 0
18, 6, 0.020292075350880623, 0.9943722486495972, 904408, 0.6619818210601807, 0, 0
18, 1, 0.010260913521051407, 0.997193455696106, 904408, 1.081221580505371, 0, 0
19, 2, 0.06062290817499161, 0.9836251735687256, 904408, 0.4844627380371094, 0, 0
19, 4, 0.013866630382835865, 0.9956822395324707, 904408, 0.5129022598266602, 0, 0
19, 8, 0.04918961226940155, 0.984170138835907, 904408, 0.616058349609375, 0, 0
19, 9, 0.08164587616920471, 0.9759019613265991, 904408, 0.6567723751068115, 0, 0
19, 1, 0.011734561063349247, 0.9960825443267822, 904408, 1.0932011604309082, 0, 0
20, 7, 0.050573624670505524, 0.9821428656578064, 904408, 0.20070910453796387, 0, 0
20, 4, 0.01348839420825243, 0.9963299036026001, 904408, 0.4491078853607178, 0, 0
20, 6, 0.008323515765368938, 0.9963821768760681, 904408, 0.607130765914917, 0, 0
20, 8, 0.0420636311173439, 0.9875279664993286, 904408, 0.7139239311218262, 0, 0
20, 1, 0.008345697075128555, 0.9976027607917786, 904408, 1.0291826725006104, 0, 0
21, 3, 0.11826028674840927, 0.9619516730308533, 904408, 0.5232119560241699, 0, 0
21, 4, 0.01372884027659893, 0.9946027398109436, 904408, 0.5323340892791748, 0, 0
21, 2, 0.052923064678907394, 0.9858994483947754, 904408, 0.5353171825408936, 0, 0
21, 8, 0.03760748729109764, 0.9904061555862427, 904408, 0.631375789642334, 0, 0
21, 0, 0.05158134177327156, 0.9855858683586121, 904408, 0.6516315937042236, 0, 0
22, 5, 0.02359616942703724, 0.9911308288574219, 904408, 0.18327069282531738, 0, 0
22, 2, 0.03734330087900162, 0.9884011745452881, 904408, 0.41522645950317383, 0, 0
22, 3, 0.08035331964492798, 0.9735899567604065, 904408, 0.4306051731109619, 0, 0
22, 4, 0.012162354774773121, 0.9958981275558472, 904408, 0.4446389675140381, 0, 0
22, 8, 0.03339779004454613, 0.9881675839424133, 904408, 0.5083804130554199, 0, 0
23, 5, 0.017169315367937088, 0.9948263168334961, 904408, 0.22120451927185059, 0, 0
23, 4, 0.004882187582552433, 0.9984887838363647, 904408, 0.45287370681762695, 0, 0
23, 0, 0.026572121307253838, 0.9927154183387756, 904408, 0.5824265480041504, 0, 0
23, 6, 0.012425550259649754, 0.9965161681175232, 904408, 0.6323754787445068, 0, 0
23, 1, 0.015163739211857319, 0.9947377443313599, 904408, 1.0490014553070068, 0, 0
24, 7, 0.09623868763446808, 0.9724025726318359, 904408, 0.0951383113861084, 0, 0
24, 5, 0.02105099894106388, 0.9940872192382812, 904408, 0.16332244873046875, 0, 0
24, 2, 0.04496205225586891, 0.9868091940879822, 904408, 0.3868396282196045, 0, 0
24, 9, 0.07916969060897827, 0.9752134680747986, 904408, 0.4975547790527344, 0, 0
24, 6, 0.009225558489561081, 0.9966501593589783, 904408, 0.5254831314086914, 0, 0
25, 7, 0.054407913237810135, 0.9837662577629089, 904408, 0.12095189094543457, 0, 0
25, 2, 0.03171171993017197, 0.9897657632827759, 904408, 0.4166102409362793, 0, 0
25, 8, 0.028491098433732986, 0.9905660152435303, 904408, 0.537438154220581, 0, 0
25, 6, 0.004331281408667564, 0.9985260367393494, 904408, 0.5923793315887451, 0, 0
25, 1, 0.01366846077144146, 0.9955563545227051, 904408, 1.0156981945037842, 0, 0
26, 7, 0.081109419465065, 0.9691558480262756, 904408, 0.12770748138427734, 0, 0
26, 3, 0.09057340025901794, 0.9709042310714722, 904408, 0.4210066795349121, 0, 0
26, 8, 0.03365927189588547, 0.989766538143158, 904408, 0.5516622066497803, 0, 0
26, 9, 0.06716097146272659, 0.9793445467948914, 904408, 0.5809719562530518, 0, 0
26, 6, 0.007370184175670147, 0.9983920454978943, 904408, 0.5922670364379883, 0, 0
27, 5, 0.030016586184501648, 0.9896526336669922, 904408, 0.1864302158355713, 0, 0
27, 3, 0.06204339116811752, 0.9811996221542358, 904408, 0.44269704818725586, 0, 0
27, 2, 0.031438861042261124, 0.9922674298286438, 904408, 0.44696760177612305, 0, 0
27, 0, 0.03748500719666481, 0.9894606471061707, 904408, 0.5533225536346436, 0, 0
27, 6, 0.005934169515967369, 0.997990071773529, 904408, 0.585946798324585, 0, 0
28, 7, 0.0534818135201931, 0.9805194735527039, 904408, 0.10324501991271973, 0, 0
28, 5, 0.024771476164460182, 0.9918699264526367, 904408, 0.21131658554077148, 0, 0
28, 2, 0.021714359521865845, 0.9940868616104126, 904408, 0.38346195220947266, 0, 0
28, 8, 0.025953568518161774, 0.9920051097869873, 904408, 0.4548189640045166, 0, 0
28, 1, 0.011446443386375904, 0.9967257380485535, 904408, 0.9287590980529785, 0, 0
29, 5, 0.026628337800502777, 0.9933481216430664, 904408, 0.21674752235412598, 0, 0
29, 2, 0.03562174737453461, 0.989993155002594, 904408, 0.4029526710510254, 0, 0
29, 0, 0.03631157428026199, 0.9896156191825867, 904408, 0.5692875385284424, 0, 0
29, 9, 0.05135999992489815, 0.9841641187667847, 904408, 0.6022646427154541, 0, 0
29, 6, 0.007155104540288448, 0.9975880980491638, 904408, 0.6137566566467285, 0, 0
30, 5, 0.03118569403886795, 0.9881744384765625, 904408, 0.2479250431060791, 0, 0
30, 3, 0.061404790729284286, 0.9796329736709595, 904408, 0.4743473529815674, 0, 0
30, 0, 0.020601265132427216, 0.9938004016876221, 904408, 0.6039819717407227, 0, 0
30, 9, 0.040367212146520615, 0.9877444505691528, 904408, 0.64141845703125, 0, 0
30, 1, 0.007592068053781986, 0.9978366494178772, 904408, 1.0528287887573242, 0, 0
31, 5, 0.02274477109313011, 0.9948263168334961, 904408, 0.16794252395629883, 0, 0
31, 4, 0.014028502628207207, 0.9956822395324707, 904408, 0.45908379554748535, 0, 0
31, 0, 0.03040875308215618, 0.9896156191825867, 904408, 0.58156418800354, 0, 0
31, 6, 0.012556728906929493, 0.996248185634613, 904408, 0.610771894454956, 0, 0
31, 1, 0.0031271029729396105, 0.9990645051002502, 904408, 1.0416698455810547, 0, 0
32, 3, 0.07796046882867813, 0.9753804802894592, 904408, 0.5004684925079346, 0, 0
32, 4, 0.011624966748058796, 0.996761679649353, 904408, 0.5213944911956787, 0, 0
32, 9, 0.0534922257065773, 0.9851280450820923, 904408, 0.6674380302429199, 0, 0
32, 6, 0.0050950790755450726, 0.9981240630149841, 904408, 0.6820061206817627, 0, 0
32, 1, 0.012173950672149658, 0.9969011545181274, 904408, 1.0895013809204102, 0, 0
33, 3, 0.05946900695562363, 0.9807519912719727, 904408, 0.5155646800994873, 0, 0
33, 2, 0.03892834484577179, 0.989083468914032, 904408, 0.5168294906616211, 0, 0
33, 4, 0.006436972413212061, 0.9982728958129883, 904408, 0.5269582271575928, 0, 0
33, 9, 0.03864872828125954, 0.9877444505691528, 904408, 0.6482775211334229, 0, 0
33, 6, 0.003523237770423293, 0.9987940788269043, 904408, 0.6598865985870361, 0, 0
34, 5, 0.024431390687823296, 0.9918699264526367, 904408, 0.216660737991333, 0, 0
34, 2, 0.02015831135213375, 0.9927223324775696, 904408, 0.4541609287261963, 0, 0
34, 4, 0.008540491573512554, 0.996761679649353, 904408, 0.47312140464782715, 0, 0
34, 9, 0.02444162219762802, 0.992426335811615, 904408, 0.5833613872528076, 0, 0
34, 6, 0.0016020903130993247, 0.9997320175170898, 904408, 0.6006276607513428, 0, 0
35, 5, 0.026225028559565544, 0.9918699264526367, 904408, 0.22703957557678223, 0, 0
35, 2, 0.020214233547449112, 0.9947691559791565, 904408, 0.4679758548736572, 0, 0
35, 4, 0.006895070429891348, 0.9982728958129883, 904408, 0.4684162139892578, 0, 0
35, 9, 0.018393823876976967, 0.993941068649292, 904408, 0.5920367240905762, 0, 0
35, 6, 0.006495910696685314, 0.997990071773529, 904408, 0.598527193069458, 0, 0
36, 7, 0.02341882884502411, 0.9967532753944397, 904408, 0.11339449882507324, 0, 0
36, 3, 0.049911532551050186, 0.982766330242157, 904408, 0.42766237258911133, 0, 0
36, 4, 0.005142067559063435, 0.9982728958129883, 904408, 0.44152164459228516, 0, 0
36, 0, 0.029788732528686523, 0.9897705912590027, 904408, 0.5385284423828125, 0, 0
36, 1, 0.014171021059155464, 0.9954394102096558, 904408, 0.9791877269744873, 0, 0
37, 5, 0.0191911943256855, 0.9933481216430664, 904408, 0.1921062469482422, 0, 0
37, 4, 0.012421165592968464, 0.9978411197662354, 904408, 0.4488410949707031, 0, 0
37, 3, 0.09446107596158981, 0.9709042310714722, 904408, 0.4458932876586914, 0, 0
37, 0, 0.028555428609251976, 0.9922504425048828, 904408, 0.5505838394165039, 0, 0
37, 9, 0.05348198860883713, 0.9843018651008606, 904408, 0.5707845687866211, 0, 0
38, 7, 0.05560755357146263, 0.9772727489471436, 904408, 0.1196439266204834, 0, 0
38, 3, 0.041380319744348526, 0.9852283000946045, 904408, 0.4480142593383789, 0, 0
38, 8, 0.027850132435560226, 0.9910457134246826, 904408, 0.5492849349975586, 0, 0
38, 0, 0.018081149086356163, 0.9938004016876221, 904408, 0.5517077445983887, 0, 0
38, 9, 0.019303366541862488, 0.993941068649292, 904408, 0.5809473991394043, 0, 0
39, 7, 0.09609217196702957, 0.9626623392105103, 904408, 0.1231379508972168, 0, 0
39, 2, 0.02522403374314308, 0.9915851950645447, 904408, 0.4188823699951172, 0, 0
39, 3, 0.0366252139210701, 0.9879140257835388, 904408, 0.4284806251525879, 0, 0
39, 8, 0.012666337192058563, 0.9960025548934937, 904408, 0.5256223678588867, 0, 0
39, 0, 0.009472046047449112, 0.997055172920227, 904408, 0.5297958850860596, 0, 0
40, 2, 0.015490801073610783, 0.9959062933921814, 904408, 0.4960157871246338, 0, 0
40, 4, 0.011359439231455326, 0.9950345158576965, 904408, 0.5231606960296631, 0, 0
40, 0, 0.008956704288721085, 0.997055172920227, 904408, 0.6255021095275879, 0, 0
40, 9, 0.018747489899396896, 0.9931148290634155, 904408, 0.660393476486206, 0, 0
40, 1, 0.007839883677661419, 0.9978951215744019, 904408, 1.0916218757629395, 0, 0
41, 7, 0.06948412954807281, 0.9821428656578064, 904408, 0.13260817527770996, 0, 0
41, 5, 0.019558509811758995, 0.9948263168334961, 904408, 0.17687153816223145, 0, 0
41, 2, 0.022820986807346344, 0.9929497241973877, 904408, 0.38443493843078613, 0, 0
41, 8, 0.035514917224645615, 0.9886472821235657, 904408, 0.46779370307922363, 0, 0
41, 1, 0.0015960978344082832, 0.9997076392173767, 904408, 0.938873291015625, 0, 0
42, 7, 0.054553207010030746, 0.9805194735527039, 904408, 0.13996243476867676, 0, 0
42, 5, 0.010934978723526001, 0.9940872192382812, 904408, 0.18480515480041504, 0, 0
42, 4, 0.01600978709757328, 0.9937391877174377, 904408, 0.39316439628601074, 0, 0
42, 8, 0.018214082345366478, 0.9948832988739014, 904408, 0.49125051498413086, 0, 0
42, 6, 0.004239303059875965, 0.9982580542564392, 904408, 0.5186362266540527, 0, 0
43, 7, 0.026033518835902214, 0.9918830990791321, 904408, 0.13819503784179688, 0, 0
43, 0, 0.01695541851222515, 0.9950402975082397, 904408, 0.5630087852478027, 0, 0
43, 8, 0.013125582598149776, 0.996162474155426, 904408, 0.5637648105621338, 0, 0
43, 9, 0.02428591437637806, 0.9928394556045532, 904408, 0.609696626663208, 0, 0
43, 6, 0.004726562649011612, 0.9987940788269043, 904408, 0.6258406639099121, 0, 0
44, 7, 0.06624976545572281, 0.9788960814476013, 904408, 0.10952901840209961, 0, 0
44, 4, 0.016002092510461807, 0.9941709637641907, 904408, 0.4351992607116699, 0, 0
44, 3, 0.04675827547907829, 0.9843330383300781, 904408, 0.45085883140563965, 0, 0
44, 0, 0.01634305901825428, 0.9953503012657166, 904408, 0.5581071376800537, 0, 0
44, 1, 0.013504032045602798, 0.9951470494270325, 904408, 0.997509241104126, 0, 0
45, 5, 0.02617673948407173, 0.9940872192382812, 904408, 0.1780717372894287, 0, 0
45, 4, 0.007545310538262129, 0.9976252317428589, 904408, 0.4522056579589844, 0, 0
45, 9, 0.05158126354217529, 0.9866427779197693, 904408, 0.605431079864502, 0, 0
45, 6, 0.007443922571837902, 0.9977220892906189, 904408, 0.6241066455841064, 0, 0
45, 1, 0.007238652557134628, 0.9980705380439758, 904408, 1.0500538349151611, 0, 0
46, 4, 0.010187997482717037, 0.9965457916259766, 904408, 0.5402891635894775, 0, 0
46, 8, 0.026925386860966682, 0.992964506149292, 904408, 0.6509435176849365, 0, 0
46, 0, 0.020860418677330017, 0.9924054741859436, 904408, 0.671588659286499, 0, 0
46, 9, 0.022736795246601105, 0.9935279488563538, 904408, 0.6983540058135986, 0, 0
46, 6, 0.0029600549023598433, 0.9990620613098145, 904408, 0.7160766124725342, 0, 0
47, 7, 0.037816353142261505, 0.9902597665786743, 904408, 0.14790034294128418, 0, 0
47, 2, 0.018927745521068573, 0.9940868616104126, 904408, 0.4329264163970947, 0, 0
47, 8, 0.01338913757354021, 0.9958426356315613, 904408, 0.5475904941558838, 0, 0
47, 0, 0.008216752670705318, 0.9981400966644287, 904408, 0.5776667594909668, 0, 0
47, 9, 0.016567211598157883, 0.9953181147575378, 904408, 0.5841374397277832, 0, 0
48, 7, 0.04161945730447769, 0.9870129823684692, 904408, 0.1340336799621582, 0, 0
48, 2, 0.016291974112391472, 0.9949966073036194, 904408, 0.4266817569732666, 0, 0
48, 3, 0.05214756354689598, 0.9838854074478149, 904408, 0.42847418785095215, 0, 0
48, 4, 0.012861570343375206, 0.9961140155792236, 904408, 0.4421968460083008, 0, 0
48, 9, 0.01371300220489502, 0.9957311749458313, 904408, 0.5488128662109375, 0, 0
49, 7, 0.05431293696165085, 0.9853895902633667, 904408, 0.1169126033782959, 0, 0
49, 5, 0.028057411313056946, 0.9940872192382812, 904408, 0.18056249618530273, 0, 0
49, 3, 0.03382086381316185, 0.9885854721069336, 904408, 0.3861725330352783, 0, 0
49, 6, 0.005380702670663595, 0.9983920454978943, 904408, 0.5126469135284424, 0, 0
49, 9, 0.010279485024511814, 0.996970534324646, 904408, 0.5168449878692627, 0, 0
50, 5, 0.017214801162481308, 0.9940872192382812, 904408, 0.20334458351135254, 0, 0
50, 2, 0.017768559977412224, 0.9940868616104126, 904408, 0.4541587829589844, 0, 0
50, 8, 0.014970988966524601, 0.9958426356315613, 904408, 0.5617237091064453, 0, 0
50, 0, 0.017772214487195015, 0.9947302937507629, 904408, 0.5693655014038086, 0, 0
50, 9, 0.009034689515829086, 0.996970534324646, 904408, 0.5698659420013428, 0, 0
51, 7, 0.0663231909275055, 0.9772727489471436, 904408, 0.11521291732788086, 0, 0
51, 3, 0.02779238112270832, 0.9901521801948547, 904408, 0.4395287036895752, 0, 0
51, 0, 0.007073220796883106, 0.9979851245880127, 904408, 0.5552153587341309, 0, 0
51, 9, 0.013437355868518353, 0.995455801486969, 904408, 0.6024858951568604, 0, 0
51, 1, 0.009711247868835926, 0.9969011545181274, 904408, 1.0284552574157715, 0, 0
52, 7, 0.08274463564157486, 0.975649356842041, 904408, 0.11586928367614746, 0, 0
52, 5, 0.018711429089307785, 0.9940872192382812, 904408, 0.1844322681427002, 0, 0
52, 2, 0.02251402661204338, 0.9927223324775696, 904408, 0.3734469413757324, 0, 0
52, 3, 0.05779363214969635, 0.9818710684776306, 904408, 0.3743555545806885, 0, 0
52, 8, 0.03273302689194679, 0.989766538143158, 904408, 0.4475870132446289, 0, 0
53, 7, 0.06364172697067261, 0.9659090638160706, 904408, 0.12737631797790527, 0, 0
53, 2, 0.012792196124792099, 0.9965885877609253, 904408, 0.4265449047088623, 0, 0
53, 3, 0.028136860579252243, 0.9899283647537231, 904408, 0.4234006404876709, 0, 0
53, 4, 0.018530134111642838, 0.9930915236473083, 904408, 0.44280409812927246, 0, 0
53, 0, 0.012408634647727013, 0.9962802529335022, 904408, 0.5274691581726074, 0, 0
54, 7, 0.05785214900970459, 0.9853895902633667, 904408, 0.12995266914367676, 0, 0
54, 3, 0.021105188876390457, 0.9930617809295654, 904408, 0.4498569965362549, 0, 0
54, 8, 0.03190850093960762, 0.9905660152435303, 904408, 0.5491712093353271, 0, 0
54, 6, 0.004686909262090921, 0.997990071773529, 904408, 0.6180803775787354, 0, 0
54, 1, 0.0049459924921393394, 0.9984797835350037, 904408, 1.0335900783538818, 0, 0
55, 5, 0.014267627149820328, 0.9926090240478516, 904408, 0.19300031661987305, 0, 0
55, 4, 0.01118664164096117, 0.9965457916259766, 904408, 0.46109604835510254, 0, 0
55, 8, 0.014413307420909405, 0.9966421723365784, 904408, 0.5712463855743408, 0, 0
55, 9, 0.024401986971497536, 0.9925640225410461, 904408, 0.5993008613586426, 0, 0
55, 1, 0.007400726433843374, 0.9980705380439758, 904408, 1.0436022281646729, 0, 0
56, 3, 0.030901212245225906, 0.9890331029891968, 904408, 0.5091550350189209, 0, 0
56, 4, 0.005949733313173056, 0.9978411197662354, 904408, 0.5209202766418457, 0, 0
56, 8, 0.01439562439918518, 0.9955228567123413, 904408, 0.6147687435150146, 0, 0
56, 0, 0.01430524606257677, 0.9962802529335022, 904408, 0.631295919418335, 0, 0
56, 6, 0.004477923735976219, 0.9986600279808044, 904408, 0.6758265495300293, 0, 0
57, 5, 0.029783647507429123, 0.990391731262207, 904408, 0.17575740814208984, 0, 0
57, 8, 0.007261017803102732, 0.9972817301750183, 904408, 0.5449748039245605, 0, 0
57, 9, 0.014878466725349426, 0.995455801486969, 904408, 0.5748844146728516, 0, 0
57, 2, 0.014988833107054234, 0.9952239990234375, 904408, 0.6931581497192383, 0, 0
57, 1, 0.003519339021295309, 0.9990645051002502, 904408, 1.0236220359802246, 0, 0
58, 3, 0.0301020797342062, 0.9903759956359863, 904408, 0.4864802360534668, 0, 0
58, 4, 0.0058216131292283535, 0.9978411197662354, 904408, 0.5366246700286865, 0, 0
58, 0, 0.012875343672931194, 0.9962802529335022, 904408, 0.6510071754455566, 0, 0
58, 9, 0.020281566306948662, 0.9927017092704773, 904408, 0.6555683612823486, 0, 0
58, 1, 0.008510064333677292, 0.9979535937309265, 904408, 1.0954246520996094, 0, 0
59, 7, 0.0633598268032074, 0.9788960814476013, 904408, 0.12227630615234375, 0, 0
59, 3, 0.029319295659661293, 0.9905998110771179, 904408, 0.4417843818664551, 0, 0
59, 8, 0.02666158601641655, 0.9920051097869873, 904408, 0.5520365238189697, 0, 0
59, 0, 0.009784393012523651, 0.9973651766777039, 904408, 0.5718474388122559, 0, 0
59, 1, 0.0073581887409091, 0.9978951215744019, 904408, 1.0268323421478271, 0, 0
60, 5, 0.014600928872823715, 0.9970436096191406, 904408, 0.1842029094696045, 0, 0
60, 4, 0.012270772829651833, 0.996761679649353, 904408, 0.4383666515350342, 0, 0
60, 3, 0.03589707612991333, 0.9881378412246704, 904408, 0.4393937587738037, 0, 0
60, 9, 0.026029715314507484, 0.992426335811615, 904408, 0.5892868041992188, 0, 0
60, 1, 0.00045377519563771784, 1.0, 904408, 1.0166962146759033, 0, 0
61, 5, 0.02453025057911873, 0.9948263168334961, 904408, 0.17217278480529785, 0, 0
61, 3, 0.017159057781100273, 0.9946284890174866, 904408, 0.4261140823364258, 0, 0
61, 4, 0.0023995053488761187, 0.9995682239532471, 904408, 0.4612293243408203, 0, 0
61, 0, 0.019229013472795486, 0.9945753216743469, 904408, 0.5506415367126465, 0, 0
61, 1, 0.00036096337134949863, 1.0, 904408, 0.997166633605957, 0, 0
62, 7, 0.09249931573867798, 0.9772727489471436, 904408, 0.14563846588134766, 0, 0
62, 2, 0.020718246698379517, 0.9940868616104126, 904408, 0.456512451171875, 0, 0
62, 8, 0.02234700135886669, 0.992964506149292, 904408, 0.5443668365478516, 0, 0
62, 6, 0.006271576974540949, 0.9986600279808044, 904408, 0.5963234901428223, 0, 0
62, 1, 0.00020681503519881517, 1.0, 904408, 1.0425336360931396, 0, 0
63, 3, 0.02582399733364582, 0.9910474419593811, 904408, 0.4942467212677002, 0, 0
63, 2, 0.014084865339100361, 0.9956789016723633, 904408, 0.49959611892700195, 0, 0
63, 4, 0.004776963498443365, 0.9987046718597412, 904408, 0.5258610248565674, 0, 0
63, 6, 0.001805200008675456, 0.9995980262756348, 904408, 0.6666913032531738, 0, 0
63, 1, 0.023464998230338097, 0.9939776659011841, 904408, 1.0719079971313477, 0, 0
64, 7, 0.07223968207836151, 0.9837662577629089, 904408, 0.12056422233581543, 0, 0
64, 2, 0.020186781883239746, 0.9936320185661316, 904408, 0.42403244972229004, 0, 0
64, 4, 0.0045012072660028934, 0.9980570077896118, 904408, 0.46735262870788574, 0, 0
64, 0, 0.01682942919433117, 0.9947302937507629, 904408, 0.5571115016937256, 0, 0
64, 9, 0.021130666136741638, 0.992426335811615, 904408, 0.559438943862915, 0, 0
65, 7, 0.03558142110705376, 0.9870129823684692, 904408, 0.12426638603210449, 0, 0
65, 8, 0.013490053825080395, 0.9960025548934937, 904408, 0.5837850570678711, 0, 0
65, 9, 0.010110023431479931, 0.9976590275764465, 904408, 0.6365277767181396, 0, 0
65, 6, 0.004114896059036255, 0.9983920454978943, 904408, 0.6472468376159668, 0, 0
65, 1, 0.0029181716963648796, 0.9992399215698242, 904408, 1.0693438053131104, 0, 0
66, 4, 0.005225093569606543, 0.9980570077896118, 904408, 0.5250222682952881, 0, 0
66, 0, 0.017016176134347916, 0.9948853254318237, 904408, 0.6294829845428467, 0, 0
66, 9, 0.018564706668257713, 0.9943541884422302, 904408, 0.6673994064331055, 0, 0
66, 6, 0.005098653491586447, 0.9985260367393494, 904408, 0.6760849952697754, 0, 0
66, 2, 0.01842205785214901, 0.9956789016723633, 904408, 0.6877739429473877, 0, 0
67, 2, 0.01421443372964859, 0.9959062933921814, 904408, 0.4751260280609131, 0, 0
67, 4, 0.003919539973139763, 0.9984887838363647, 904408, 0.5013587474822998, 0, 0
67, 0, 0.004439203068614006, 0.9989150762557983, 904408, 0.6540453433990479, 0, 0
67, 9, 0.005079845432192087, 0.9991737604141235, 904408, 0.679011344909668, 0, 0
67, 1, 0.006725613493472338, 0.9980120658874512, 904408, 1.0887339115142822, 0, 0
68, 2, 0.011993146501481533, 0.9963611364364624, 904408, 0.5095138549804688, 0, 0
68, 4, 0.0066781556233763695, 0.9976252317428589, 904408, 0.5239152908325195, 0, 0
68, 0, 0.016410628333687782, 0.9948853254318237, 904408, 0.648000955581665, 0, 0
68, 9, 0.011498341336846352, 0.9968328475952148, 904408, 0.6846859455108643, 0, 0
68, 1, 0.0005790098221041262, 0.9999415278434753, 904408, 1.1023757457733154, 0, 0
69, 7, 0.09843378514051437, 0.9821428656578064, 904408, 0.15839862823486328, 0, 0
69, 3, 0.027041185647249222, 0.9908236265182495, 904408, 0.45319056510925293, 0, 0
69, 4, 0.005614716559648514, 0.9984887838363647, 904408, 0.4697904586791992, 0, 0
69, 8, 0.01706651598215103, 0.9952030777931213, 904408, 0.5455501079559326, 0, 0
69, 9, 0.008285751566290855, 0.9979344606399536, 904408, 0.5781795978546143, 0, 0
70, 7, 0.04713623970746994, 0.9772727489471436, 904408, 0.11931562423706055, 0, 0
70, 4, 0.0029598784167319536, 0.9991364479064941, 904408, 0.4267311096191406, 0, 0
70, 3, 0.02718527801334858, 0.9914950728416443, 904408, 0.435025691986084, 0, 0
70, 2, 0.01040673442184925, 0.9970434308052063, 904408, 0.44294261932373047, 0, 0
70, 8, 0.005616868380457163, 0.998560905456543, 904408, 0.5263633728027344, 0, 0
71, 7, 0.045646265149116516, 0.9918830990791321, 904408, 0.13706302642822266, 0, 0
71, 3, 0.01778397709131241, 0.9941808581352234, 904408, 0.43439197540283203, 0, 0
71, 4, 0.002191687934100628, 0.9993523359298706, 904408, 0.44390320777893066, 0, 0
71, 0, 0.007062067277729511, 0.9979851245880127, 904408, 0.534858226776123, 0, 0
71, 6, 0.009653585031628609, 0.9973201155662537, 904408, 0.562798261642456, 0, 0
72, 5, 0.035160526633262634, 0.990391731262207, 904408, 0.18373489379882812, 0, 0
72, 7, 0.048384249210357666, 0.9870129823684692, 904408, 0.18949532508850098, 0, 0
72, 3, 0.018260905519127846, 0.994404673576355, 904408, 0.3667466640472412, 0, 0
72, 2, 0.011265529319643974, 0.9959062933921814, 904408, 0.3917422294616699, 0, 0
72, 6, 0.0018887706100940704, 0.9993300437927246, 904408, 0.5086336135864258, 0, 0
73, 7, 0.04655899107456207, 0.9886363744735718, 904408, 0.1168053150177002, 0, 0
73, 5, 0.028293246403336525, 0.9926090240478516, 904408, 0.17762160301208496, 0, 0
73, 2, 0.008352196775376797, 0.9977257251739502, 904408, 0.37177252769470215, 0, 0
73, 0, 0.007245682179927826, 0.9972101449966431, 904408, 0.4758172035217285, 0, 0
73, 9, 0.012652276083827019, 0.9965574145317078, 904408, 0.5168676376342773, 0, 0
74, 5, 0.025703584775328636, 0.9940872192382812, 904408, 0.18471455574035645, 0, 0
74, 3, 0.01724328100681305, 0.9941808581352234, 904408, 0.421525239944458, 0, 0
74, 2, 0.006191101390868425, 0.9979531764984131, 904408, 0.44811010360717773, 0, 0
74, 8, 0.01169382594525814, 0.9966421723365784, 904408, 0.5342063903808594, 0, 0
74, 1, 0.01068821083754301, 0.9966672658920288, 904408, 1.0077786445617676, 0, 0
75, 3, 0.033925462514162064, 0.988361656665802, 904408, 0.46898603439331055, 0, 0
75, 0, 0.013076134957373142, 0.9959702491760254, 904408, 0.6827280521392822, 0, 0
75, 9, 0.027620015665888786, 0.9920132160186768, 904408, 0.7038886547088623, 0, 0
75, 6, 0.003727429313585162, 0.9989280700683594, 904408, 0.709937334060669, 0, 0
75, 1, 0.003745462279766798, 0.9986552000045776, 904408, 1.1313788890838623, 0, 0
76, 5, 0.023147502914071083, 0.9940872192382812, 904408, 0.19398045539855957, 0, 0
76, 2, 0.011173581704497337, 0.9965885877609253, 904408, 0.4368715286254883, 0, 0
76, 3, 0.023300154134631157, 0.9930617809295654, 904408, 0.4392859935760498, 0, 0
76, 4, 0.009406964294612408, 0.9969775676727295, 904408, 0.45922398567199707, 0, 0
76, 9, 0.015377171337604523, 0.9949049949645996, 904408, 0.5523214340209961, 0, 0
77, 7, 0.06112135201692581, 0.9853895902633667, 904408, 0.10892224311828613, 0, 0
77, 3, 0.01907593011856079, 0.9941808581352234, 904408, 0.43876147270202637, 0, 0
77, 2, 0.01185260247439146, 0.9954514503479004, 904408, 0.4456932544708252, 0, 0
77, 8, 0.02417806349694729, 0.9921650290489197, 904408, 0.5218479633331299, 0, 0
77, 9, 0.007081836462020874, 0.9977967739105225, 904408, 0.5675134658813477, 0, 0
78, 7, 0.07798060029745102, 0.9724025726318359, 904408, 0.16077351570129395, 0, 0
78, 5, 0.013950128108263016, 0.9948263168334961, 904408, 0.21722745895385742, 0, 0
78, 8, 0.004159648437052965, 0.998560905456543, 904408, 0.49932289123535156, 0, 0
78, 6, 0.001952138263732195, 0.9991960525512695, 904408, 0.5662252902984619, 0, 0
78, 1, 0.00630290387198329, 0.9977197051048279, 904408, 0.9845719337463379, 0, 0
79, 5, 0.026453865692019463, 0.9955654144287109, 904408, 0.18559670448303223, 0, 0
79, 2, 0.019696950912475586, 0.9927223324775696, 904408, 0.44403672218322754, 0, 0
79, 8, 0.033351603895425797, 0.9920051097869873, 904408, 0.5707793235778809, 0, 0
79, 9, 0.018651172518730164, 0.9942164421081543, 904408, 0.6196548938751221, 0, 0
79, 1, 0.0033000861294567585, 0.9992983937263489, 904408, 1.0324251651763916, 0, 0
80, 3, 0.019494028761982918, 0.9937332272529602, 904408, 0.47176599502563477, 0, 0
80, 2, 0.007742421235889196, 0.9974982738494873, 904408, 0.48543310165405273, 0, 0
80, 4, 0.008617686107754707, 0.9974093437194824, 904408, 0.5052762031555176, 0, 0
80, 8, 0.006460685282945633, 0.9980812072753906, 904408, 0.5892088413238525, 0, 0
80, 9, 0.011611219495534897, 0.9964197278022766, 904408, 0.6324775218963623, 0, 0
81, 7, 0.04384823143482208, 0.9886363744735718, 904408, 0.12242460250854492, 0, 0
81, 2, 0.009232430718839169, 0.9972708821296692, 904408, 0.4237043857574463, 0, 0
81, 0, 0.01203411165624857, 0.996900200843811, 904408, 0.5672545433044434, 0, 0
81, 9, 0.004353630356490612, 0.9987607002258301, 904408, 0.6042184829711914, 0, 0
81, 1, 0.004272498190402985, 0.9983043670654297, 904408, 1.0323176383972168, 0, 0
82, 3, 0.01860375516116619, 0.9930617809295654, 904408, 0.5222151279449463, 0, 0
82, 4, 0.0048569911159574986, 0.9980570077896118, 904408, 0.5364096164703369, 0, 0
82, 8, 0.021633164957165718, 0.9921650290489197, 904408, 0.6257984638214111, 0, 0
82, 6, 0.002275638049468398, 0.9994640350341797, 904408, 0.675429105758667, 0, 0
82, 1, 0.005256793927401304, 0.9984797835350037, 904408, 1.099501609802246, 0, 0
83, 7, 0.061831653118133545, 0.9853895902633667, 904408, 0.16775822639465332, 0, 0
83, 4, 0.009500375017523766, 0.9961140155792236, 904408, 0.46294260025024414, 0, 0
83, 2, 0.011726615019142628, 0.9959062933921814, 904408, 0.4619011878967285, 0, 0
83, 3, 0.023288346827030182, 0.9919427037239075, 904408, 0.4671165943145752, 0, 0
83, 8, 0.01462616864591837, 0.9956827759742737, 904408, 0.5177080631256104, 0, 0
84, 3, 0.01931644231081009, 0.9926141500473022, 904408, 0.4577012062072754, 0, 0
84, 8, 0.0039260294288396835, 0.9990406036376953, 904408, 0.636235237121582, 0, 0
84, 9, 0.010283333249390125, 0.9972459673881531, 904408, 0.6913113594055176, 0, 0
84, 6, 0.001996205886825919, 0.9997320175170898, 904408, 0.6994037628173828, 0, 0
84, 1, 0.005911973770707846, 0.998245894908905, 904408, 1.1294777393341064, 0, 0
85, 2, 0.022980548441410065, 0.9934045672416687, 904408, 0.49541711807250977, 0, 0
85, 3, 0.026291383430361748, 0.9921665191650391, 904408, 0.5373005867004395, 0, 0
85, 0, 0.013400319963693619, 0.9959702491760254, 904408, 0.6401398181915283, 0, 0
85, 6, 0.004140279721468687, 0.9986600279808044, 904408, 0.671342134475708, 0, 0
85, 1, 0.001866543898358941, 0.999649167060852, 904408, 1.0967366695404053, 0, 0
86, 3, 0.024589844048023224, 0.9930617809295654, 904408, 0.49797534942626953, 0, 0
86, 2, 0.008729015477001667, 0.9974982738494873, 904408, 0.4995994567871094, 0, 0
86, 4, 0.007925160229206085, 0.997193455696106, 904408, 0.5074074268341064, 0, 0
86, 0, 0.005512620788067579, 0.9982951283454895, 904408, 0.612555742263794, 0, 0
86, 9, 0.016229895874857903, 0.9951803684234619, 904408, 0.6283566951751709, 0, 0
87, 7, 0.05636835843324661, 0.9902597665786743, 904408, 0.14507842063903809, 0, 0
87, 5, 0.02617088332772255, 0.9926090240478516, 904408, 0.22986221313476562, 0, 0
87, 2, 0.006397714838385582, 0.9984080195426941, 904408, 0.42418813705444336, 0, 0
87, 0, 0.009154051542282104, 0.9979851245880127, 904408, 0.5280163288116455, 0, 0
87, 6, 0.0033569030929356813, 0.9987940788269043, 904408, 0.5595479011535645, 0, 0
88, 5, 0.024194378405809402, 0.9948263168334961, 904408, 0.186690092086792, 0, 0
88, 2, 0.003540529403835535, 0.9988628625869751, 904408, 0.46624135971069336, 0, 0
88, 8, 0.011022238060832024, 0.9974416494369507, 904408, 0.5561432838439941, 0, 0
88, 0, 0.003469910705462098, 0.9989150762557983, 904408, 0.5755624771118164, 0, 0
88, 9, 0.010180022567510605, 0.996970534324646, 904408, 0.5979604721069336, 0, 0
89, 2, 0.00507276551797986, 0.9984080195426941, 904408, 0.4911329746246338, 0, 0
89, 8, 0.006331515498459339, 0.9974416494369507, 904408, 0.6421589851379395, 0, 0
89, 0, 0.002588562900200486, 0.9996899962425232, 904408, 0.6955957412719727, 0, 0
89, 6, 0.0017806506948545575, 0.9993300437927246, 904408, 0.7026686668395996, 0, 0
89, 1, 0.008239543996751308, 0.9974273443222046, 904408, 1.1176714897155762, 0, 0
90, 5, 0.025898506864905357, 0.9948263168334961, 904408, 0.20586299896240234, 0, 0
90, 2, 0.003808126784861088, 0.9988628625869751, 904408, 0.4570271968841553, 0, 0
90, 4, 0.013020495884120464, 0.9958981275558472, 904408, 0.47394847869873047, 0, 0
90, 3, 0.03474051505327225, 0.9881378412246704, 904408, 0.6855568885803223, 0, 0
90, 1, 0.000273138633929193, 1.0, 904408, 1.0013084411621094, 0, 0
91, 5, 0.015554054640233517, 0.9963045120239258, 904408, 0.21743488311767578, 0, 0
91, 4, 0.003185178618878126, 0.9987046718597412, 904408, 0.4522693157196045, 0, 0
91, 2, 0.01142676267772913, 0.9972708821296692, 904408, 0.45224499702453613, 0, 0
91, 8, 0.03151821345090866, 0.9916853308677673, 904408, 0.5400795936584473, 0, 0
91, 0, 0.00759956706315279, 0.9973651766777039, 904408, 0.5605494976043701, 0, 0
92, 5, 0.02791784331202507, 0.9940872192382812, 904408, 0.192122220993042, 0, 0
92, 3, 0.023799844086170197, 0.9930617809295654, 904408, 0.437469482421875, 0, 0
92, 4, 0.006680735852569342, 0.9978411197662354, 904408, 0.44798755645751953, 0, 0
92, 6, 0.0051329126581549644, 0.9989280700683594, 904408, 0.5833616256713867, 0, 0
92, 1, 0.01377615612000227, 0.9958486557006836, 904408, 1.0048439502716064, 0, 0
93, 5, 0.023514673113822937, 0.9918699264526367, 904408, 0.2319333553314209, 0, 0
93, 3, 0.04095883667469025, 0.9905998110771179, 904408, 0.4423348903656006, 0, 0
93, 2, 0.022977914661169052, 0.9931771755218506, 904408, 0.457913875579834, 0, 0
93, 0, 0.019329825416207314, 0.9944203495979309, 904408, 0.5713462829589844, 0, 0
93, 6, 0.005310390144586563, 0.9985260367393494, 904408, 0.6058037281036377, 0, 0
94, 7, 0.09248100966215134, 0.9740259647369385, 904408, 0.12305474281311035, 0, 0
94, 5, 0.017532143741846085, 0.9933481216430664, 904408, 0.18918490409851074, 0, 0
94, 2, 0.0039733415469527245, 0.999090313911438, 904408, 0.39379096031188965, 0, 0
94, 8, 0.01484434213489294, 0.9956827759742737, 904408, 0.468212366104126, 0, 0
94, 0, 0.0030480483546853065, 0.9986050724983215, 904408, 0.4847986698150635, 0, 0
95, 7, 0.05260651931166649, 0.9853895902633667, 904408, 0.12087440490722656, 0, 0
95, 3, 0.02458084374666214, 0.9914950728416443, 904408, 0.45938873291015625, 0, 0
95, 2, 0.0043944260105490685, 0.9986354112625122, 904408, 0.46517276763916016, 0, 0
95, 9, 0.013258089311420918, 0.9951803684234619, 904408, 0.5992927551269531, 0, 0
95, 1, 0.002781074494123459, 0.9992983937263489, 904408, 1.0322239398956299, 0, 0
96, 5, 0.018120119348168373, 0.9948263168334961, 904408, 0.18851566314697266, 0, 0
96, 2, 0.011154924519360065, 0.9968160390853882, 904408, 0.42438721656799316, 0, 0
96, 8, 0.02076214738190174, 0.994403600692749, 904408, 0.5566332340240479, 0, 0
96, 9, 0.012197027914226055, 0.9964197278022766, 904408, 0.598785400390625, 0, 0
96, 1, 0.0012180974008515477, 0.9997076392173767, 904408, 1.0195050239562988, 0, 0
97, 7, 0.06201976165175438, 0.9870129823684692, 904408, 0.1390833854675293, 0, 0
97, 5, 0.015256164595484734, 0.9955654144287109, 904408, 0.1864454746246338, 0, 0
97, 3, 0.020634744316339493, 0.9930617809295654, 904408, 0.3626697063446045, 0, 0
97, 8, 0.010809564962983131, 0.9966421723365784, 904408, 0.47258710861206055, 0, 0
97, 0, 0.005307035055011511, 0.9981400966644287, 904408, 0.48311805725097656, 0, 0
98, 7, 0.06498965620994568, 0.9821428656578064, 904408, 0.1469283103942871, 0, 0
98, 3, 0.016795564442873, 0.9948523044586182, 904408, 0.42694926261901855, 0, 0
98, 2, 0.011787209659814835, 0.9963611364364624, 904408, 0.4368915557861328, 0, 0
98, 4, 0.011996380053460598, 0.9965457916259766, 904408, 0.46500682830810547, 0, 0
98, 6, 0.002916453406214714, 0.9995980262756348, 904408, 0.5674681663513184, 0, 0
99, 5, 0.024501197040081024, 0.9918699264526367, 904408, 0.20640182495117188, 0, 0
99, 2, 0.0041367183439433575, 0.9984080195426941, 904408, 0.43636226654052734, 0, 0
99, 4, 0.010237599723041058, 0.9978411197662354, 904408, 0.46698498725891113, 0, 0
99, 8, 0.016210369765758514, 0.9953629970550537, 904408, 0.5492777824401855, 0, 0
99, 9, 0.008439131081104279, 0.9977967739105225, 904408, 0.560673713684082, 0, 0
100, 5, 0.012564204633235931, 0.9955654144287109, 904408, 0.21265578269958496, 0, 0
100, 4, 0.004075768403708935, 0.9984887838363647, 904408, 0.47846245765686035, 0, 0
100, 0, 0.00555040780454874, 0.9981400966644287, 904408, 0.5845184326171875, 0, 0
100, 9, 0.004111114889383316, 0.9994491934776306, 904408, 0.6150448322296143, 0, 0
100, 6, 0.0037235987838357687, 0.9987940788269043, 904408, 0.6309177875518799, 0, 0
