round, cid, loss, accuracy, decyfer_time
1, 4, 1.7435581684112549, 0.4519999921321869, 0.042325496673583984
1, 6, 1.7336636781692505, 0.46000000834465027, 0.0499730110168457
1, 3, 1.7273656129837036, 0.48899999260902405, 0.043112754821777344
1, 8, 1.7142975330352783, 0.5019999742507935, 0.050478219985961914
1, 5, 1.7332295179367065, 0.4650000035762787, 0.04429340362548828
1, 0, 1.7485076189041138, 0.460999995470047, 0.052362680435180664
1, 7, 1.7369688749313354, 0.4830000102519989, 0.04764437675476074
1, 9, 1.7243468761444092, 0.4569999873638153, 0.04838275909423828
1, 2, 1.7575279474258423, 0.4569999873638153, 0.04832339286804199
1, 1, 1.7550197839736938, 0.45500001311302185, 0.04731941223144531
2, 2, 0.712708592414856, 0.7129999995231628, 0.04474997520446777
2, 5, 0.6737867593765259, 0.7170000076293945, 0.03857588768005371
2, 7, 0.6763121485710144, 0.7179999947547913, 0.03185915946960449
2, 1, 0.7135735750198364, 0.7170000076293945, 0.03982090950012207
2, 9, 0.6932677626609802, 0.7089999914169312, 0.037628173828125
2, 8, 0.7000854015350342, 0.7049999833106995, 0.049265384674072266
2, 0, 0.6738680601119995, 0.722000002861023, 0.04201030731201172
2, 6, 0.6852205991744995, 0.7200000286102295, 0.04302549362182617
2, 4, 0.6461602449417114, 0.7350000143051147, 0.04233431816101074
2, 3, 0.7090259194374084, 0.7059999704360962, 0.038620948791503906
3, 3, 0.6174502372741699, 0.7639999985694885, 0.03067946434020996
3, 9, 0.5774773359298706, 0.7789999842643738, 0.045835018157958984
3, 4, 0.5403246879577637, 0.8019999861717224, 0.052910566329956055
3, 5, 0.5729777216911316, 0.7839999794960022, 0.04596424102783203
3, 2, 0.6132352352142334, 0.7789999842643738, 0.04314088821411133
3, 8, 0.5834584832191467, 0.781000018119812, 0.04733848571777344
3, 0, 0.5734859704971313, 0.7960000038146973, 0.04934215545654297
3, 1, 0.6168788075447083, 0.7760000228881836, 0.03901219367980957
3, 7, 0.5753968358039856, 0.7820000052452087, 0.052451133728027344
3, 6, 0.5972559452056885, 0.7889999747276306, 0.027718067169189453
4, 9, 0.5157774090766907, 0.8069999814033508, 0.04487466812133789
4, 7, 0.509767472743988, 0.8109999895095825, 0.04436635971069336
4, 1, 0.5680186748504639, 0.7829999923706055, 0.046064138412475586
4, 8, 0.531756579875946, 0.8100000023841858, 0.04472923278808594
4, 4, 0.4906458258628845, 0.8230000138282776, 0.03209328651428223
4, 3, 0.5412264466285706, 0.7879999876022339, 0.04842329025268555
4, 5, 0.5367885231971741, 0.7929999828338623, 0.045922279357910156
4, 2, 0.5640251636505127, 0.7929999828338623, 0.046262502670288086
4, 6, 0.5270740985870361, 0.8050000071525574, 0.04593682289123535
4, 0, 0.5287782549858093, 0.8140000104904175, 0.0375518798828125
5, 0, 0.4956774413585663, 0.8230000138282776, 0.05349564552307129
5, 3, 0.5124070644378662, 0.8100000023841858, 0.04728221893310547
5, 5, 0.5073336362838745, 0.8180000185966492, 0.04343461990356445
5, 1, 0.5384325385093689, 0.8050000071525574, 0.04286503791809082
5, 4, 0.46642613410949707, 0.8420000076293945, 0.03635096549987793
5, 8, 0.5026932954788208, 0.8240000009536743, 0.04899430274963379
5, 6, 0.4940539598464966, 0.828000009059906, 0.04578375816345215
5, 7, 0.4782423973083496, 0.828000009059906, 0.04101061820983887
5, 9, 0.475826621055603, 0.8270000219345093, 0.037635087966918945
5, 2, 0.5282320976257324, 0.8169999718666077, 0.042513132095336914
6, 6, 0.4976200461387634, 0.8220000267028809, 0.0444645881652832
6, 8, 0.48118269443511963, 0.8180000185966492, 0.05159306526184082
6, 9, 0.4550885260105133, 0.8289999961853027, 0.04304957389831543
6, 0, 0.4593065679073334, 0.8420000076293945, 0.03621220588684082
6, 4, 0.4387892484664917, 0.8460000157356262, 0.05239057540893555
6, 5, 0.46312475204467773, 0.8379999995231628, 0.03918099403381348
6, 3, 0.5267718434333801, 0.7919999957084656, 0.036992549896240234
6, 1, 0.5169388055801392, 0.8119999766349792, 0.028882741928100586
6, 2, 0.5020957589149475, 0.8180000185966492, 0.0451207160949707
6, 7, 0.46703189611434937, 0.8309999704360962, 0.04648423194885254
7, 4, 0.4383329451084137, 0.8489999771118164, 0.04582357406616211
7, 3, 0.4958098232746124, 0.8080000281333923, 0.046976327896118164
7, 9, 0.4425502419471741, 0.8209999799728394, 0.04370856285095215
7, 0, 0.46844586730003357, 0.8259999752044678, 0.0478360652923584
7, 7, 0.45394647121429443, 0.824999988079071, 0.05259990692138672
7, 1, 0.522836446762085, 0.8059999942779541, 0.04491448402404785
7, 2, 0.4991857707500458, 0.8130000233650208, 0.03982138633728027
7, 5, 0.4782557487487793, 0.8190000057220459, 0.0403749942779541
7, 6, 0.48223090171813965, 0.8220000267028809, 0.04000520706176758
7, 8, 0.47812342643737793, 0.8169999718666077, 0.03637957572937012
8, 8, 0.4383861720561981, 0.8320000171661377, 0.04801630973815918
8, 6, 0.4537958800792694, 0.8360000252723694, 0.04492521286010742
8, 2, 0.46254605054855347, 0.8420000076293945, 0.046506643295288086
8, 9, 0.40528059005737305, 0.8539999723434448, 0.04470348358154297
8, 0, 0.42284029722213745, 0.8510000109672546, 0.042963266372680664
8, 4, 0.40342986583709717, 0.8610000014305115, 0.0446772575378418
8, 5, 0.43910109996795654, 0.8460000157356262, 0.02750420570373535
8, 3, 0.4816061854362488, 0.8190000057220459, 0.0378570556640625
8, 7, 0.41709697246551514, 0.8479999899864197, 0.048055410385131836
8, 1, 0.47510233521461487, 0.8220000267028809, 0.04404115676879883
9, 4, 0.4053942859172821, 0.8569999933242798, 0.05005288124084473
9, 0, 0.42983800172805786, 0.8479999899864197, 0.04597783088684082
9, 1, 0.48710647225379944, 0.824999988079071, 0.04312705993652344
9, 9, 0.4078408479690552, 0.8519999980926514, 0.043701887130737305
9, 5, 0.4430846869945526, 0.8399999737739563, 0.04944944381713867
9, 7, 0.42295321822166443, 0.847000002861023, 0.044545650482177734
9, 6, 0.4392334818840027, 0.8410000205039978, 0.04396986961364746
9, 8, 0.4467860758304596, 0.8349999785423279, 0.042317867279052734
9, 3, 0.46879273653030396, 0.8270000219345093, 0.04801011085510254
9, 2, 0.4535580575466156, 0.8379999995231628, 0.03831052780151367
10, 3, 0.47131648659706116, 0.8220000267028809, 0.04618120193481445
10, 5, 0.4290860593318939, 0.8429999947547913, 0.04663228988647461
10, 6, 0.4328608214855194, 0.847000002861023, 0.043729305267333984
10, 2, 0.43683481216430664, 0.8560000061988831, 0.02998638153076172
10, 8, 0.42048946022987366, 0.8309999704360962, 0.04423666000366211
10, 9, 0.39541497826576233, 0.847000002861023, 0.04776406288146973
10, 4, 0.4107857942581177, 0.8410000205039978, 0.04951167106628418
10, 0, 0.4020512104034424, 0.8610000014305115, 0.03959393501281738
10, 7, 0.40909478068351746, 0.8529999852180481, 0.040120601654052734
10, 1, 0.4614188075065613, 0.8320000171661377, 0.0453341007232666
11, 2, 0.4287531077861786, 0.8479999899864197, 0.04424166679382324
11, 0, 0.3970302939414978, 0.8579999804496765, 0.05471992492675781
11, 3, 0.44698193669319153, 0.8259999752044678, 0.030039310455322266
11, 4, 0.38071408867836, 0.8700000047683716, 0.04511404037475586
11, 6, 0.4163558781147003, 0.8560000061988831, 0.0498197078704834
11, 9, 0.3734983205795288, 0.8550000190734863, 0.04894828796386719
11, 5, 0.4091389775276184, 0.8510000109672546, 0.03675198554992676
11, 8, 0.41207656264305115, 0.8510000109672546, 0.055097103118896484
11, 1, 0.4451521933078766, 0.8339999914169312, 0.04086732864379883
11, 7, 0.39662817120552063, 0.8519999980926514, 0.05047178268432617
12, 0, 0.4259001910686493, 0.8539999723434448, 0.03972768783569336
12, 6, 0.43946874141693115, 0.8429999947547913, 0.04493975639343262
12, 2, 0.4620867967605591, 0.8349999785423279, 0.055773258209228516
12, 5, 0.43672940135002136, 0.8389999866485596, 0.05473184585571289
12, 1, 0.47773751616477966, 0.824999988079071, 0.041117191314697266
12, 3, 0.46980026364326477, 0.8180000185966492, 0.04993176460266113
12, 7, 0.41700419783592224, 0.8399999737739563, 0.04491448402404785
12, 4, 0.39258918166160583, 0.8529999852180481, 0.04770541191101074
12, 8, 0.43998461961746216, 0.8289999961853027, 0.05434226989746094
12, 9, 0.4037449061870575, 0.8450000286102295, 0.038012027740478516
13, 1, 0.4350207448005676, 0.8399999737739563, 0.046318769454956055
13, 2, 0.4171062409877777, 0.8519999980926514, 0.048603057861328125
13, 6, 0.4139283001422882, 0.8519999980926514, 0.0423281192779541
13, 9, 0.36320552229881287, 0.8560000061988831, 0.048528432846069336
13, 5, 0.40600162744522095, 0.843999981880188, 0.04743599891662598
13, 8, 0.4009125530719757, 0.8399999737739563, 0.045786142349243164
13, 0, 0.39730826020240784, 0.8629999756813049, 0.044060468673706055
13, 3, 0.4443656802177429, 0.828000009059906, 0.039429664611816406
13, 4, 0.39452075958251953, 0.8539999723434448, 0.04669690132141113
13, 7, 0.394375205039978, 0.8479999899864197, 0.030831336975097656
14, 3, 0.4491788148880005, 0.8199999928474426, 0.04599308967590332
14, 8, 0.3995921313762665, 0.847000002861023, 0.04448390007019043
14, 9, 0.3661126494407654, 0.8579999804496765, 0.03564000129699707
14, 1, 0.4207957983016968, 0.8460000157356262, 0.03937649726867676
14, 6, 0.41004300117492676, 0.8560000061988831, 0.055860042572021484
14, 5, 0.38185566663742065, 0.8610000014305115, 0.04000282287597656
14, 0, 0.3781653344631195, 0.8610000014305115, 0.05074810981750488
14, 7, 0.3956182599067688, 0.8610000014305115, 0.039613962173461914
14, 2, 0.41566190123558044, 0.8519999980926514, 0.05086231231689453
14, 4, 0.37336021661758423, 0.859000027179718, 0.04745793342590332
15, 5, 0.38992226123809814, 0.8579999804496765, 0.039423227310180664
15, 1, 0.42555058002471924, 0.843999981880188, 0.0446772575378418
15, 3, 0.4296395182609558, 0.8389999866485596, 0.050711870193481445
15, 7, 0.39965924620628357, 0.843999981880188, 0.04406881332397461
15, 6, 0.41251620650291443, 0.8539999723434448, 0.04610490798950195
15, 8, 0.39898496866226196, 0.847000002861023, 0.040764570236206055
15, 2, 0.42494210600852966, 0.8489999771118164, 0.04022479057312012
15, 0, 0.39668601751327515, 0.8579999804496765, 0.04129981994628906
15, 4, 0.3720592260360718, 0.8679999709129333, 0.03167891502380371
15, 9, 0.3714163601398468, 0.8569999933242798, 0.04256939888000488
16, 7, 0.39170804619789124, 0.8579999804496765, 0.046068668365478516
16, 8, 0.3881886303424835, 0.8579999804496765, 0.03229832649230957
16, 0, 0.39029356837272644, 0.8539999723434448, 0.051004648208618164
16, 2, 0.4109213948249817, 0.8479999899864197, 0.04033517837524414
16, 4, 0.38371169567108154, 0.8600000143051147, 0.045366525650024414
16, 3, 0.43211618065834045, 0.8389999866485596, 0.03881359100341797
16, 6, 0.39395737648010254, 0.8579999804496765, 0.05079770088195801
16, 5, 0.3900751769542694, 0.8569999933242798, 0.03983759880065918
16, 9, 0.3509022891521454, 0.8610000014305115, 0.03940010070800781
16, 1, 0.43709510564804077, 0.8429999947547913, 0.045609474182128906
17, 5, 0.3786044716835022, 0.8619999885559082, 0.030726909637451172
17, 7, 0.388295978307724, 0.8410000205039978, 0.04336905479431152
17, 2, 0.40374916791915894, 0.8539999723434448, 0.03793168067932129
17, 0, 0.3679634928703308, 0.8690000176429749, 0.050454139709472656
17, 8, 0.3807664215564728, 0.8529999852180481, 0.04962038993835449
17, 4, 0.3804140090942383, 0.8539999723434448, 0.03616929054260254
17, 1, 0.4109513461589813, 0.8460000157356262, 0.04459238052368164
17, 6, 0.40512368083000183, 0.8600000143051147, 0.04961204528808594
17, 3, 0.447977751493454, 0.828000009059906, 0.036798954010009766
17, 9, 0.34970515966415405, 0.859000027179718, 0.04207587242126465
18, 0, 0.37199169397354126, 0.8759999871253967, 0.042403221130371094
18, 4, 0.3542484939098358, 0.8790000081062317, 0.05338025093078613
18, 2, 0.3974657654762268, 0.859000027179718, 0.0433039665222168
18, 8, 0.379910945892334, 0.8550000190734863, 0.04847574234008789
18, 1, 0.40393316745758057, 0.8510000109672546, 0.043688058853149414
18, 5, 0.365898996591568, 0.8629999756813049, 0.03966116905212402
18, 9, 0.3506847023963928, 0.8679999709129333, 0.04112553596496582
18, 3, 0.4367871880531311, 0.8320000171661377, 0.04621601104736328
18, 6, 0.3911541998386383, 0.8700000047683716, 0.041419267654418945
18, 7, 0.37868788838386536, 0.8619999885559082, 0.04416322708129883
19, 6, 0.43222567439079285, 0.843999981880188, 0.04486799240112305
19, 5, 0.4301106333732605, 0.8370000123977661, 0.02947831153869629
19, 3, 0.46432816982269287, 0.8190000057220459, 0.05168414115905762
19, 7, 0.42491528391838074, 0.8379999995231628, 0.029119253158569336
19, 4, 0.3808985948562622, 0.8650000095367432, 0.05071687698364258
19, 2, 0.4538172781467438, 0.8330000042915344, 0.044342994689941406
19, 8, 0.4252637028694153, 0.8349999785423279, 0.05081939697265625
19, 0, 0.43628767132759094, 0.8389999866485596, 0.04302358627319336
19, 9, 0.39802974462509155, 0.8450000286102295, 0.03904438018798828
19, 1, 0.4736747443675995, 0.8330000042915344, 0.04445075988769531
20, 6, 0.37927767634391785, 0.8700000047683716, 0.05101370811462402
20, 7, 0.3627869784832001, 0.8650000095367432, 0.04292654991149902
20, 2, 0.38216137886047363, 0.8709999918937683, 0.03923988342285156
20, 1, 0.3862673342227936, 0.8529999852180481, 0.04169511795043945
20, 8, 0.3635484576225281, 0.8679999709129333, 0.04901123046875
20, 3, 0.41431114077568054, 0.8460000157356262, 0.0500483512878418
20, 4, 0.34859704971313477, 0.8730000257492065, 0.04607248306274414
20, 0, 0.35565558075904846, 0.875, 0.037394046783447266
20, 9, 0.3305496573448181, 0.8740000128746033, 0.045314788818359375
20, 5, 0.36359235644340515, 0.8669999837875366, 0.046227455139160156
21, 0, 0.3824349343776703, 0.8579999804496765, 0.03839588165283203
21, 6, 0.3905196785926819, 0.8619999885559082, 0.04612231254577637
21, 4, 0.35182827711105347, 0.878000020980835, 0.05014777183532715
21, 2, 0.4040989279747009, 0.8489999771118164, 0.03210091590881348
21, 9, 0.3557356595993042, 0.8700000047683716, 0.04699540138244629
21, 8, 0.380141943693161, 0.8560000061988831, 0.04009199142456055
21, 1, 0.41989871859550476, 0.847000002861023, 0.04973602294921875
21, 7, 0.38844555616378784, 0.8460000157356262, 0.04067254066467285
21, 3, 0.42247578501701355, 0.8429999947547913, 0.04645872116088867
21, 5, 0.37658047676086426, 0.8619999885559082, 0.04279017448425293
22, 1, 0.4048946797847748, 0.8519999980926514, 0.04711651802062988
22, 4, 0.3516552448272705, 0.8700000047683716, 0.045070648193359375
22, 0, 0.3830508291721344, 0.8659999966621399, 0.048270225524902344
22, 7, 0.3854059875011444, 0.8539999723434448, 0.04903817176818848
22, 9, 0.3632564842700958, 0.8640000224113464, 0.0451662540435791
22, 5, 0.3660668432712555, 0.8650000095367432, 0.04613661766052246
22, 3, 0.4364551305770874, 0.828000009059906, 0.04762387275695801
22, 6, 0.3983830511569977, 0.8610000014305115, 0.043718814849853516
22, 8, 0.3874863088130951, 0.8519999980926514, 0.044879913330078125
22, 2, 0.41119593381881714, 0.8610000014305115, 0.03981351852416992
23, 4, 0.34274008870124817, 0.8769999742507935, 0.04258227348327637
23, 3, 0.4170997440814972, 0.8420000076293945, 0.05108904838562012
23, 8, 0.35005220770835876, 0.8740000128746033, 0.04715299606323242
23, 5, 0.3551003634929657, 0.8709999918937683, 0.045311689376831055
23, 6, 0.37303489446640015, 0.8790000081062317, 0.03001999855041504
23, 9, 0.3216782212257385, 0.8730000257492065, 0.039757728576660156
23, 7, 0.3634032607078552, 0.8610000014305115, 0.04322004318237305
23, 1, 0.3912490904331207, 0.8569999933242798, 0.042853355407714844
23, 2, 0.3739107549190521, 0.8619999885559082, 0.045136213302612305
23, 0, 0.35896989703178406, 0.8730000257492065, 0.038604736328125
24, 5, 0.3511023223400116, 0.8659999966621399, 0.049147605895996094
24, 7, 0.37532031536102295, 0.847000002861023, 0.03978300094604492
24, 2, 0.3867059648036957, 0.8529999852180481, 0.04640507698059082
24, 1, 0.39809927344322205, 0.8569999933242798, 0.04846525192260742
24, 4, 0.339144766330719, 0.8809999823570251, 0.05029010772705078
24, 3, 0.4086149334907532, 0.8460000157356262, 0.042702674865722656
24, 8, 0.35833442211151123, 0.8600000143051147, 0.043886661529541016
24, 9, 0.34240302443504333, 0.8640000224113464, 0.043981075286865234
24, 0, 0.3698452413082123, 0.8640000224113464, 0.03922128677368164
24, 6, 0.3780985474586487, 0.8679999709129333, 0.03982114791870117
25, 3, 0.40404045581817627, 0.8450000286102295, 0.05300116539001465
25, 9, 0.3310849666595459, 0.878000020980835, 0.05051422119140625
25, 0, 0.36957335472106934, 0.8679999709129333, 0.04786181449890137
25, 2, 0.3923797905445099, 0.8569999933242798, 0.033969879150390625
25, 1, 0.4016585648059845, 0.8539999723434448, 0.032111167907714844
25, 5, 0.36562100052833557, 0.8679999709129333, 0.046971797943115234
25, 4, 0.3327893316745758, 0.8849999904632568, 0.04609942436218262
25, 8, 0.35078221559524536, 0.8659999966621399, 0.04368329048156738
25, 7, 0.3651937246322632, 0.8640000224113464, 0.040555715560913086
25, 6, 0.3757859468460083, 0.8709999918937683, 0.038590431213378906
26, 2, 0.3654964864253998, 0.8700000047683716, 0.048513174057006836
26, 4, 0.3374142050743103, 0.871999979019165, 0.05259537696838379
26, 1, 0.3713328242301941, 0.8610000014305115, 0.048290252685546875
26, 0, 0.33862704038619995, 0.8859999775886536, 0.041877031326293945
26, 5, 0.3382507860660553, 0.875, 0.05165982246398926
26, 7, 0.3515934646129608, 0.871999979019165, 0.03758072853088379
26, 9, 0.32290148735046387, 0.871999979019165, 0.04174518585205078
26, 6, 0.35579270124435425, 0.8730000257492065, 0.04392242431640625
26, 3, 0.40649503469467163, 0.8410000205039978, 0.05360674858093262
26, 8, 0.3431966304779053, 0.8640000224113464, 0.04225468635559082
27, 3, 0.40904849767684937, 0.847000002861023, 0.044800519943237305
27, 4, 0.334670752286911, 0.8830000162124634, 0.03364229202270508
27, 5, 0.3507436513900757, 0.8679999709129333, 0.04768538475036621
27, 9, 0.3463308811187744, 0.8740000128746033, 0.04851865768432617
27, 7, 0.36831820011138916, 0.8640000224113464, 0.05386996269226074
27, 8, 0.3620370626449585, 0.8679999709129333, 0.0395359992980957
27, 0, 0.3669619858264923, 0.8669999837875366, 0.041094064712524414
27, 1, 0.4008226990699768, 0.8519999980926514, 0.04500293731689453
27, 2, 0.38788506388664246, 0.859000027179718, 0.05031466484069824
27, 6, 0.3660237193107605, 0.8679999709129333, 0.04341578483581543
28, 2, 0.39950695633888245, 0.8479999899864197, 0.04821157455444336
28, 1, 0.41064444184303284, 0.843999981880188, 0.03600764274597168
28, 6, 0.38339489698410034, 0.8669999837875366, 0.05420708656311035
28, 7, 0.37927913665771484, 0.8529999852180481, 0.04755353927612305
28, 4, 0.346080482006073, 0.878000020980835, 0.04708409309387207
28, 5, 0.3685882091522217, 0.8619999885559082, 0.04900217056274414
28, 8, 0.372350811958313, 0.8619999885559082, 0.04790973663330078
28, 0, 0.3851376175880432, 0.8529999852180481, 0.03936433792114258
28, 3, 0.42010360956192017, 0.8410000205039978, 0.04347944259643555
28, 9, 0.3596280813217163, 0.8629999756813049, 0.04186367988586426
29, 1, 0.3736918270587921, 0.8650000095367432, 0.04901599884033203
29, 6, 0.355869323015213, 0.8809999823570251, 0.0406186580657959
29, 7, 0.34367260336875916, 0.8669999837875366, 0.03862428665161133
29, 3, 0.40031155943870544, 0.8460000157356262, 0.04641389846801758
29, 4, 0.3349789083003998, 0.8759999871253967, 0.04097938537597656
29, 0, 0.345643013715744, 0.8830000162124634, 0.04128575325012207
29, 8, 0.33507996797561646, 0.8659999966621399, 0.05053377151489258
29, 5, 0.336995005607605, 0.8650000095367432, 0.04294085502624512
29, 2, 0.3598317503929138, 0.871999979019165, 0.039203643798828125
29, 9, 0.31986504793167114, 0.878000020980835, 0.04420351982116699
30, 1, 0.3726710379123688, 0.8610000014305115, 0.039009809494018555
30, 0, 0.35948359966278076, 0.875, 0.04399538040161133
30, 7, 0.3620866537094116, 0.8610000014305115, 0.03348374366760254
30, 9, 0.3373676836490631, 0.871999979019165, 0.04136300086975098
30, 3, 0.40672802925109863, 0.843999981880188, 0.04371047019958496
30, 2, 0.3789703845977783, 0.8679999709129333, 0.05028939247131348
30, 5, 0.3383469581604004, 0.8730000257492065, 0.04041910171508789
30, 6, 0.3680954575538635, 0.8820000290870667, 0.050092458724975586
30, 8, 0.35245266556739807, 0.8709999918937683, 0.04147171974182129
30, 4, 0.3312307596206665, 0.8830000162124634, 0.04024314880371094
31, 8, 0.3508431315422058, 0.8619999885559082, 0.04730582237243652
31, 6, 0.3773045539855957, 0.8659999966621399, 0.04982471466064453
31, 0, 0.3439062535762787, 0.8769999742507935, 0.0485231876373291
31, 9, 0.3319711983203888, 0.8740000128746033, 0.04786229133605957
31, 3, 0.4285757541656494, 0.828000009059906, 0.05544447898864746
31, 4, 0.3568550646305084, 0.859000027179718, 0.038286685943603516
31, 2, 0.3748297393321991, 0.8610000014305115, 0.04102897644042969
31, 5, 0.34689760208129883, 0.8740000128746033, 0.044003963470458984
31, 1, 0.3679198622703552, 0.8569999933242798, 0.04017233848571777
31, 7, 0.36731287837028503, 0.8550000190734863, 0.04086947441101074
32, 0, 0.34686756134033203, 0.8759999871253967, 0.04485464096069336
32, 1, 0.36975690722465515, 0.8619999885559082, 0.04856419563293457
32, 8, 0.34011635184288025, 0.8769999742507935, 0.04391002655029297
32, 5, 0.3322763442993164, 0.8769999742507935, 0.05151557922363281
32, 7, 0.34313857555389404, 0.8799999952316284, 0.02985978126525879
32, 6, 0.3576834201812744, 0.8870000243186951, 0.048309326171875
32, 3, 0.39769890904426575, 0.8529999852180481, 0.045903921127319336
32, 4, 0.3181675672531128, 0.8840000033378601, 0.04685020446777344
32, 9, 0.31854429841041565, 0.8759999871253967, 0.04002857208251953
32, 2, 0.36047157645225525, 0.8740000128746033, 0.048337697982788086
33, 3, 0.40537890791893005, 0.8460000157356262, 0.04846763610839844
33, 0, 0.35920852422714233, 0.8730000257492065, 0.041709184646606445
33, 1, 0.3762175738811493, 0.8619999885559082, 0.04255843162536621
33, 4, 0.32831090688705444, 0.8859999775886536, 0.04965090751647949
33, 6, 0.371210515499115, 0.878000020980835, 0.045215606689453125
33, 9, 0.3409712612628937, 0.8730000257492065, 0.03657078742980957
33, 5, 0.3436955213546753, 0.8700000047683716, 0.044614553451538086
33, 7, 0.35929790139198303, 0.8610000014305115, 0.042344093322753906
33, 8, 0.3627229928970337, 0.8709999918937683, 0.04091906547546387
33, 2, 0.37874650955200195, 0.8610000014305115, 0.03872799873352051
34, 1, 0.36553630232810974, 0.8629999756813049, 0.04256582260131836
34, 0, 0.35513836145401, 0.8820000290870667, 0.03634381294250488
34, 9, 0.3233918249607086, 0.8690000176429749, 0.04869437217712402
34, 3, 0.3930474817752838, 0.8489999771118164, 0.0457918643951416
34, 6, 0.36201396584510803, 0.8799999952316284, 0.03935956954956055
34, 8, 0.3407653570175171, 0.875, 0.04825448989868164
34, 4, 0.30988216400146484, 0.8859999775886536, 0.050887107849121094
34, 5, 0.33663636445999146, 0.8769999742507935, 0.043486595153808594
34, 7, 0.341812402009964, 0.875, 0.04385113716125488
34, 2, 0.36579158902168274, 0.8730000257492065, 0.04278087615966797
35, 0, 0.3321528732776642, 0.8769999742507935, 0.04572486877441406
35, 1, 0.35453957319259644, 0.8709999918937683, 0.046540260314941406
35, 5, 0.32009682059288025, 0.8759999871253967, 0.03973841667175293
35, 3, 0.38504263758659363, 0.8550000190734863, 0.04770636558532715
35, 6, 0.34453749656677246, 0.8809999823570251, 0.04598259925842285
35, 9, 0.30363863706588745, 0.8820000290870667, 0.043372392654418945
35, 7, 0.3286832571029663, 0.8880000114440918, 0.04405474662780762
35, 4, 0.30630698800086975, 0.8930000066757202, 0.04526233673095703
35, 8, 0.32247835397720337, 0.8870000243186951, 0.041764020919799805
35, 2, 0.34752601385116577, 0.8769999742507935, 0.03993082046508789
36, 4, 0.3101544976234436, 0.8889999985694885, 0.04285693168640137
36, 2, 0.35955196619033813, 0.8650000095367432, 0.04941844940185547
36, 0, 0.34689635038375854, 0.8790000081062317, 0.045424461364746094
36, 9, 0.32170942425727844, 0.878000020980835, 0.04316854476928711
36, 6, 0.34778833389282227, 0.8859999775886536, 0.028506994247436523
36, 7, 0.34628015756607056, 0.8659999966621399, 0.046698808670043945
36, 8, 0.33077767491340637, 0.8849999904632568, 0.04191875457763672
36, 5, 0.3307616710662842, 0.8759999871253967, 0.044913291931152344
36, 3, 0.38164228200912476, 0.8579999804496765, 0.051827430725097656
36, 1, 0.38029569387435913, 0.8650000095367432, 0.045088768005371094
37, 8, 0.3314049243927002, 0.8790000081062317, 0.0488128662109375
37, 9, 0.3186545968055725, 0.8730000257492065, 0.04465627670288086
37, 1, 0.3519408106803894, 0.8610000014305115, 0.03757452964782715
37, 2, 0.3597193658351898, 0.8659999966621399, 0.044910430908203125
37, 7, 0.3392145037651062, 0.878000020980835, 0.04121541976928711
37, 5, 0.32410168647766113, 0.871999979019165, 0.049896955490112305
37, 6, 0.3571021556854248, 0.8759999871253967, 0.04177665710449219
37, 4, 0.3273288309574127, 0.8790000081062317, 0.039101362228393555
37, 3, 0.3899376690387726, 0.8479999899864197, 0.040580034255981445
37, 0, 0.33087077736854553, 0.8930000066757202, 0.04259514808654785
38, 6, 0.35117459297180176, 0.8830000162124634, 0.04134035110473633
38, 1, 0.37640610337257385, 0.8669999837875366, 0.05112004280090332
38, 5, 0.3343857526779175, 0.875, 0.05333065986633301
38, 3, 0.3821908235549927, 0.8610000014305115, 0.04496049880981445
38, 9, 0.3284733295440674, 0.878000020980835, 0.053109169006347656
38, 4, 0.3091762661933899, 0.8920000195503235, 0.04503631591796875
38, 8, 0.34239065647125244, 0.8740000128746033, 0.030655384063720703
38, 2, 0.3681766390800476, 0.8640000224113464, 0.052332162857055664
38, 0, 0.35558170080184937, 0.871999979019165, 0.04463815689086914
38, 7, 0.3397989273071289, 0.8740000128746033, 0.04345250129699707
39, 5, 0.3309657871723175, 0.875, 0.03272199630737305
39, 4, 0.31379544734954834, 0.8870000243186951, 0.057092905044555664
39, 1, 0.3555573523044586, 0.871999979019165, 0.04019927978515625
39, 3, 0.3922724425792694, 0.843999981880188, 0.05043387413024902
39, 2, 0.3543722629547119, 0.8679999709129333, 0.03797340393066406
39, 7, 0.3391878306865692, 0.8820000290870667, 0.05248260498046875
39, 0, 0.34065985679626465, 0.8820000290870667, 0.04021930694580078
39, 8, 0.3300243318080902, 0.8790000081062317, 0.0443568229675293
39, 9, 0.31823715567588806, 0.8790000081062317, 0.037244558334350586
39, 6, 0.3539449870586395, 0.8840000033378601, 0.04904603958129883
40, 9, 0.3146069347858429, 0.8809999823570251, 0.04878354072570801
40, 6, 0.3549034595489502, 0.878000020980835, 0.04809069633483887
40, 1, 0.335199773311615, 0.8700000047683716, 0.04676318168640137
40, 5, 0.31882262229919434, 0.8709999918937683, 0.04261493682861328
40, 7, 0.34276726841926575, 0.8849999904632568, 0.042366981506347656
40, 3, 0.3924148380756378, 0.843999981880188, 0.04284262657165527
40, 0, 0.3268914520740509, 0.8889999985694885, 0.029805421829223633
40, 8, 0.33797013759613037, 0.8769999742507935, 0.04984784126281738
40, 2, 0.3469073474407196, 0.8769999742507935, 0.048132896423339844
40, 4, 0.31850534677505493, 0.875, 0.03541111946105957
41, 4, 0.31394606828689575, 0.8880000114440918, 0.037446022033691406
41, 6, 0.35283762216567993, 0.8790000081062317, 0.03916215896606445
41, 5, 0.32179978489875793, 0.8769999742507935, 0.05391359329223633
41, 8, 0.34033578634262085, 0.8790000081062317, 0.05366802215576172
41, 3, 0.39120006561279297, 0.8550000190734863, 0.04734516143798828
41, 9, 0.31358370184898376, 0.8840000033378601, 0.046148061752319336
41, 0, 0.3309498429298401, 0.8880000114440918, 0.04334306716918945
41, 2, 0.3501589000225067, 0.875, 0.04078054428100586
41, 1, 0.3473055958747864, 0.8690000176429749, 0.04714632034301758
41, 7, 0.33609578013420105, 0.8790000081062317, 0.04068756103515625
42, 0, 0.3302651643753052, 0.8799999952316284, 0.05058479309082031
42, 8, 0.3141656816005707, 0.8859999775886536, 0.04558134078979492
42, 2, 0.34011510014533997, 0.8730000257492065, 0.040457725524902344
42, 7, 0.3256971538066864, 0.8809999823570251, 0.05019545555114746
42, 6, 0.33746424317359924, 0.8859999775886536, 0.029142141342163086
42, 4, 0.29270216822624207, 0.902999997138977, 0.050169944763183594
42, 1, 0.34875404834747314, 0.8690000176429749, 0.04413652420043945
42, 5, 0.30623477697372437, 0.8809999823570251, 0.04398179054260254
42, 3, 0.3656947910785675, 0.8629999756813049, 0.040902137756347656
42, 9, 0.2999875843524933, 0.8880000114440918, 0.04077315330505371
43, 7, 0.33967334032058716, 0.871999979019165, 0.048456430435180664
43, 5, 0.3072035312652588, 0.8840000033378601, 0.044777870178222656
43, 3, 0.39353302121162415, 0.8500000238418579, 0.04902505874633789
43, 2, 0.35083845257759094, 0.875, 0.03659844398498535
43, 1, 0.3348706066608429, 0.8730000257492065, 0.0465846061706543
43, 0, 0.3295660614967346, 0.8920000195503235, 0.038306474685668945
43, 9, 0.3120990991592407, 0.8809999823570251, 0.04142451286315918
43, 8, 0.33005139231681824, 0.8769999742507935, 0.03407406806945801
43, 6, 0.3441672921180725, 0.8790000081062317, 0.043521881103515625
43, 4, 0.30528464913368225, 0.8870000243186951, 0.04432344436645508
44, 3, 0.3984427750110626, 0.8500000238418579, 0.029926300048828125
44, 0, 0.3351009488105774, 0.8830000162124634, 0.04460477828979492
44, 1, 0.33422166109085083, 0.871999979019165, 0.04943060874938965
44, 2, 0.3573951721191406, 0.8740000128746033, 0.04817318916320801
44, 6, 0.3599224388599396, 0.8790000081062317, 0.046193599700927734
44, 7, 0.34294620156288147, 0.878000020980835, 0.05180716514587402
44, 9, 0.3120288550853729, 0.8799999952316284, 0.05300712585449219
44, 8, 0.33663666248321533, 0.8730000257492065, 0.033353567123413086
44, 5, 0.32622626423835754, 0.8880000114440918, 0.04130864143371582
44, 4, 0.3085947632789612, 0.8820000290870667, 0.04033780097961426
45, 7, 0.3080857992172241, 0.8949999809265137, 0.0479581356048584
45, 8, 0.305025577545166, 0.8870000243186951, 0.03780770301818848
45, 4, 0.30487915873527527, 0.8920000195503235, 0.045279502868652344
45, 9, 0.29333120584487915, 0.8920000195503235, 0.046389102935791016
45, 3, 0.3726414740085602, 0.8569999933242798, 0.040673017501831055
45, 1, 0.32616153359413147, 0.8820000290870667, 0.0472109317779541
45, 5, 0.30221694707870483, 0.8840000033378601, 0.03045964241027832
45, 0, 0.31409502029418945, 0.8980000019073486, 0.04238390922546387
45, 6, 0.3283085525035858, 0.8930000066757202, 0.03847908973693848
45, 2, 0.3269229829311371, 0.8809999823570251, 0.048470258712768555
46, 7, 0.3282264769077301, 0.8790000081062317, 0.05154728889465332
46, 0, 0.34581682085990906, 0.8830000162124634, 0.04680013656616211
46, 6, 0.334095299243927, 0.8880000114440918, 0.04718828201293945
46, 5, 0.3298722505569458, 0.8709999918937683, 0.04960751533508301
46, 2, 0.3595539629459381, 0.8709999918937683, 0.041388511657714844
46, 1, 0.36262986063957214, 0.8640000224113464, 0.04355049133300781
46, 9, 0.31680622696876526, 0.8799999952316284, 0.05105924606323242
46, 3, 0.3849663734436035, 0.8579999804496765, 0.04549384117126465
46, 4, 0.2987673282623291, 0.8949999809265137, 0.036379098892211914
46, 8, 0.3340657949447632, 0.8799999952316284, 0.04377126693725586
47, 4, 0.32284876704216003, 0.8759999871253967, 0.03926873207092285
47, 8, 0.32743456959724426, 0.8830000162124634, 0.03996634483337402
47, 2, 0.3465079069137573, 0.8709999918937683, 0.04246926307678223
47, 0, 0.32700997591018677, 0.8889999985694885, 0.045255422592163086
47, 6, 0.3528316020965576, 0.8820000290870667, 0.04604768753051758
47, 7, 0.3305263817310333, 0.8809999823570251, 0.03921198844909668
47, 5, 0.31059518456459045, 0.8790000081062317, 0.048430442810058594
47, 3, 0.39070749282836914, 0.8579999804496765, 0.04654502868652344
47, 1, 0.33108755946159363, 0.8619999885559082, 0.04278254508972168
47, 9, 0.31639981269836426, 0.8820000290870667, 0.04089164733886719
48, 5, 0.307081937789917, 0.8830000162124634, 0.04870104789733887
48, 8, 0.31769421696662903, 0.8840000033378601, 0.04738640785217285
48, 9, 0.3136392831802368, 0.878000020980835, 0.0395357608795166
48, 3, 0.3804648518562317, 0.8529999852180481, 0.03720808029174805
48, 6, 0.34879016876220703, 0.8899999856948853, 0.041812896728515625
48, 1, 0.3226774036884308, 0.8799999952316284, 0.03849625587463379
48, 0, 0.3322592079639435, 0.8880000114440918, 0.046906471252441406
48, 4, 0.2991734445095062, 0.8889999985694885, 0.03515625
48, 7, 0.32978111505508423, 0.8889999985694885, 0.038336992263793945
48, 2, 0.3431600034236908, 0.8740000128746033, 0.04409432411193848
49, 9, 0.3276829123497009, 0.8759999871253967, 0.050110578536987305
49, 7, 0.3447212874889374, 0.8769999742507935, 0.0483553409576416
49, 3, 0.38693925738334656, 0.8579999804496765, 0.04809975624084473
49, 1, 0.37314555048942566, 0.8569999933242798, 0.04395937919616699
49, 2, 0.3539043664932251, 0.8579999804496765, 0.04249167442321777
49, 0, 0.343265175819397, 0.8769999742507935, 0.04462838172912598
49, 5, 0.3413535952568054, 0.8700000047683716, 0.03988790512084961
49, 6, 0.3481142520904541, 0.8830000162124634, 0.04193449020385742
49, 8, 0.3444383442401886, 0.871999979019165, 0.04019808769226074
49, 4, 0.30627983808517456, 0.8949999809265137, 0.05450701713562012
50, 8, 0.34885889291763306, 0.8700000047683716, 0.05031538009643555
50, 4, 0.30205169320106506, 0.8960000276565552, 0.03944873809814453
50, 5, 0.3503654897212982, 0.8679999709129333, 0.04506254196166992
50, 9, 0.32944241166114807, 0.8730000257492065, 0.04448127746582031
50, 1, 0.3714313209056854, 0.8640000224113464, 0.0410313606262207
50, 2, 0.361200749874115, 0.8640000224113464, 0.0495147705078125
50, 3, 0.393446147441864, 0.8610000014305115, 0.04461812973022461
50, 7, 0.3365718722343445, 0.8809999823570251, 0.04436302185058594
50, 0, 0.3493812382221222, 0.8799999952316284, 0.04052448272705078
50, 6, 0.3527434468269348, 0.8830000162124634, 0.0435023307800293
51, 5, 0.30810317397117615, 0.8799999952316284, 0.046945810317993164
51, 2, 0.34065258502960205, 0.8769999742507935, 0.03882026672363281
51, 9, 0.3054974377155304, 0.8889999985694885, 0.04569554328918457
51, 6, 0.33692803978919983, 0.8920000195503235, 0.04535198211669922
51, 3, 0.3771364986896515, 0.8640000224113464, 0.0424959659576416
51, 8, 0.32114505767822266, 0.8840000033378601, 0.049079179763793945
51, 0, 0.322997123003006, 0.8930000066757202, 0.03441166877746582
51, 4, 0.3060482144355774, 0.8870000243186951, 0.04096364974975586
51, 7, 0.3166052997112274, 0.8930000066757202, 0.042973995208740234
51, 1, 0.3255176246166229, 0.878000020980835, 0.04737997055053711
52, 8, 0.30666372179985046, 0.8820000290870667, 0.04096674919128418
52, 1, 0.3307878077030182, 0.8799999952316284, 0.04430365562438965
52, 2, 0.33968910574913025, 0.8859999775886536, 0.048491716384887695
52, 4, 0.29768043756484985, 0.8960000276565552, 0.05400824546813965
52, 5, 0.30161377787590027, 0.8859999775886536, 0.047673702239990234
52, 7, 0.32674962282180786, 0.8799999952316284, 0.042360544204711914
52, 3, 0.36886054277420044, 0.871999979019165, 0.045003414154052734
52, 9, 0.3077702224254608, 0.8870000243186951, 0.04646158218383789
52, 0, 0.3247731626033783, 0.890999972820282, 0.0431218147277832
52, 6, 0.33397144079208374, 0.8999999761581421, 0.038901329040527344
53, 2, 0.3362247943878174, 0.875, 0.04612565040588379
53, 8, 0.3055886924266815, 0.8920000195503235, 0.04002952575683594
53, 1, 0.3480222821235657, 0.8709999918937683, 0.05084514617919922
53, 4, 0.30032601952552795, 0.8939999938011169, 0.049092769622802734
53, 6, 0.32621344923973083, 0.8949999809265137, 0.04358029365539551
53, 5, 0.3018443286418915, 0.8870000243186951, 0.03988838195800781
53, 0, 0.317840039730072, 0.8920000195503235, 0.044547319412231445
53, 7, 0.3183801472187042, 0.8880000114440918, 0.04306387901306152
53, 9, 0.3101201355457306, 0.8759999871253967, 0.03849458694458008
53, 3, 0.36915385723114014, 0.8659999966621399, 0.04791760444641113
54, 4, 0.3084338903427124, 0.8849999904632568, 0.044686079025268555
54, 7, 0.3293423056602478, 0.8799999952316284, 0.04596376419067383
54, 5, 0.31475886702537537, 0.8830000162124634, 0.04942584037780762
54, 9, 0.3049388527870178, 0.8809999823570251, 0.046354055404663086
54, 6, 0.34946271777153015, 0.8870000243186951, 0.04342150688171387
54, 2, 0.33991265296936035, 0.8709999918937683, 0.04210638999938965
54, 3, 0.3906789720058441, 0.8529999852180481, 0.03851938247680664
54, 8, 0.3217734694480896, 0.8859999775886536, 0.042429447174072266
54, 1, 0.32128259539604187, 0.871999979019165, 0.03891348838806152
54, 0, 0.3148258626461029, 0.8930000066757202, 0.040376901626586914
55, 3, 0.38156500458717346, 0.8650000095367432, 0.03824448585510254
55, 9, 0.30354559421539307, 0.8859999775886536, 0.05045032501220703
55, 0, 0.31037649512290955, 0.8939999938011169, 0.0425419807434082
55, 6, 0.3404824137687683, 0.8820000290870667, 0.04583334922790527
55, 5, 0.30421188473701477, 0.8870000243186951, 0.0432894229888916
55, 4, 0.30247586965560913, 0.8880000114440918, 0.04569506645202637
55, 1, 0.32571840286254883, 0.8610000014305115, 0.04061532020568848
55, 2, 0.33232951164245605, 0.8799999952316284, 0.04029226303100586
55, 8, 0.3134620487689972, 0.8899999856948853, 0.041938066482543945
55, 7, 0.3327782452106476, 0.8820000290870667, 0.04405951499938965
56, 3, 0.3638422191143036, 0.8659999966621399, 0.03939676284790039
56, 6, 0.32669052481651306, 0.8989999890327454, 0.042783260345458984
56, 1, 0.34575384855270386, 0.8669999837875366, 0.038057804107666016
56, 2, 0.3350674510002136, 0.8790000081062317, 0.05003929138183594
56, 8, 0.30652767419815063, 0.890999972820282, 0.041375160217285156
56, 9, 0.30183136463165283, 0.890999972820282, 0.04752540588378906
56, 4, 0.28213000297546387, 0.8989999890327454, 0.05002760887145996
56, 5, 0.3079721927642822, 0.8859999775886536, 0.04803276062011719
56, 7, 0.3171873688697815, 0.8880000114440918, 0.04205727577209473
56, 0, 0.3282225430011749, 0.890999972820282, 0.040628910064697266
57, 0, 0.31090620160102844, 0.8949999809265137, 0.05091691017150879
57, 4, 0.2991061210632324, 0.8849999904632568, 0.03892707824707031
57, 7, 0.3265889286994934, 0.8809999823570251, 0.03777122497558594
57, 8, 0.31543081998825073, 0.8799999952316284, 0.04772591590881348
57, 3, 0.37894338369369507, 0.8600000143051147, 0.05177736282348633
57, 2, 0.33681657910346985, 0.8769999742507935, 0.04385495185852051
57, 6, 0.33756548166275024, 0.8889999985694885, 0.046706438064575195
57, 5, 0.3061782121658325, 0.8769999742507935, 0.041997671127319336
57, 9, 0.30207669734954834, 0.8859999775886536, 0.04111886024475098
57, 1, 0.30864816904067993, 0.8799999952316284, 0.041458845138549805
58, 8, 0.31398656964302063, 0.8840000033378601, 0.041977882385253906
58, 7, 0.31737014651298523, 0.8930000066757202, 0.029350757598876953
58, 5, 0.30287790298461914, 0.878000020980835, 0.05188703536987305
58, 1, 0.3133857548236847, 0.878000020980835, 0.04782819747924805
58, 9, 0.30854639410972595, 0.8809999823570251, 0.04654741287231445
58, 4, 0.3035540282726288, 0.8849999904632568, 0.0447540283203125
58, 0, 0.3161921203136444, 0.890999972820282, 0.04235196113586426
58, 3, 0.3709193170070648, 0.8569999933242798, 0.044611454010009766
58, 2, 0.3254804313182831, 0.8769999742507935, 0.03837251663208008
58, 6, 0.33305349946022034, 0.8889999985694885, 0.04491424560546875
59, 8, 0.31082645058631897, 0.8809999823570251, 0.03998279571533203
59, 5, 0.30307334661483765, 0.8849999904632568, 0.052442073822021484
59, 9, 0.30449530482292175, 0.8939999938011169, 0.04906129837036133
59, 7, 0.32899755239486694, 0.8859999775886536, 0.046621084213256836
59, 2, 0.33801788091659546, 0.8759999871253967, 0.049662113189697266
59, 3, 0.3713126480579376, 0.8730000257492065, 0.049628257751464844
59, 0, 0.3130198121070862, 0.8939999938011169, 0.04252886772155762
59, 1, 0.3323451578617096, 0.8769999742507935, 0.02974247932434082
59, 6, 0.33601686358451843, 0.8870000243186951, 0.04091906547546387
59, 4, 0.3076528012752533, 0.8870000243186951, 0.042353153228759766
60, 5, 0.3130650222301483, 0.8790000081062317, 0.04879498481750488
60, 4, 0.28623247146606445, 0.8930000066757202, 0.05413985252380371
60, 9, 0.3074168264865875, 0.8880000114440918, 0.04020190238952637
60, 8, 0.31413453817367554, 0.8859999775886536, 0.04334855079650879
60, 3, 0.37521427869796753, 0.8629999756813049, 0.05060386657714844
60, 7, 0.31936267018318176, 0.8820000290870667, 0.04569697380065918
60, 0, 0.32454192638397217, 0.8939999938011169, 0.05046987533569336
60, 1, 0.3357304632663727, 0.8740000128746033, 0.04418611526489258
60, 6, 0.334764301776886, 0.8899999856948853, 0.04175996780395508
60, 2, 0.3430330455303192, 0.8849999904632568, 0.059999942779541016
61, 7, 0.32384687662124634, 0.8899999856948853, 0.04753589630126953
61, 3, 0.3783125579357147, 0.859000027179718, 0.04094886779785156
61, 0, 0.328616201877594, 0.8889999985694885, 0.03874564170837402
61, 1, 0.3548199534416199, 0.8709999918937683, 0.04453325271606445
61, 4, 0.30843427777290344, 0.890999972820282, 0.04801678657531738
61, 2, 0.3453301191329956, 0.8730000257492065, 0.04664969444274902
61, 9, 0.3230043053627014, 0.8799999952316284, 0.043128013610839844
61, 5, 0.32513168454170227, 0.8700000047683716, 0.04180574417114258
61, 6, 0.33799898624420166, 0.8920000195503235, 0.04299283027648926
61, 8, 0.3178323805332184, 0.8849999904632568, 0.040442705154418945
62, 3, 0.3835987448692322, 0.8709999918937683, 0.04986381530761719
62, 7, 0.3273109197616577, 0.8930000066757202, 0.05154085159301758
62, 9, 0.31552278995513916, 0.8930000066757202, 0.04868030548095703
62, 2, 0.3498081862926483, 0.8790000081062317, 0.046042680740356445
62, 1, 0.33320102095603943, 0.8740000128746033, 0.03928041458129883
62, 0, 0.32982155680656433, 0.8970000147819519, 0.04280209541320801
62, 6, 0.33347028493881226, 0.8840000033378601, 0.0398249626159668
62, 5, 0.30970266461372375, 0.878000020980835, 0.04000091552734375
62, 8, 0.32221969962120056, 0.8790000081062317, 0.040415287017822266
62, 4, 0.29833659529685974, 0.8949999809265137, 0.03975868225097656
63, 3, 0.3892775774002075, 0.8619999885559082, 0.04547834396362305
63, 6, 0.3337186872959137, 0.8920000195503235, 0.046305179595947266
63, 0, 0.3089461922645569, 0.9020000100135803, 0.03483223915100098
63, 5, 0.3028455674648285, 0.8820000290870667, 0.04156923294067383
63, 1, 0.3059173822402954, 0.8830000162124634, 0.04694652557373047
63, 8, 0.30570533871650696, 0.8939999938011169, 0.03948068618774414
63, 7, 0.3296782672405243, 0.8820000290870667, 0.04685568809509277
63, 4, 0.2955152094364166, 0.8899999856948853, 0.0463862419128418
63, 9, 0.29600057005882263, 0.890999972820282, 0.042582035064697266
63, 2, 0.33243757486343384, 0.8820000290870667, 0.037568092346191406
64, 1, 0.3038293719291687, 0.8939999938011169, 0.04936385154724121
64, 5, 0.2988046407699585, 0.8840000033378601, 0.04976916313171387
64, 8, 0.294976145029068, 0.8970000147819519, 0.0329437255859375
64, 0, 0.3064344525337219, 0.8939999938011169, 0.04361224174499512
64, 2, 0.3271353542804718, 0.8870000243186951, 0.0425267219543457
64, 6, 0.32310065627098083, 0.8970000147819519, 0.03805112838745117
64, 7, 0.31617727875709534, 0.8920000195503235, 0.04847002029418945
64, 9, 0.2994842231273651, 0.8870000243186951, 0.0435330867767334
64, 3, 0.3749541640281677, 0.8600000143051147, 0.044481515884399414
64, 4, 0.2977152466773987, 0.8889999985694885, 0.0432741641998291
65, 6, 0.34071531891822815, 0.8880000114440918, 0.043550729751586914
65, 3, 0.3795546293258667, 0.8659999966621399, 0.04922914505004883
65, 2, 0.3538047969341278, 0.8740000128746033, 0.03564929962158203
65, 8, 0.3342039883136749, 0.8840000033378601, 0.04515552520751953
65, 5, 0.3317938446998596, 0.8709999918937683, 0.052109718322753906
65, 4, 0.3071751892566681, 0.8939999938011169, 0.045070648193359375
65, 9, 0.32912760972976685, 0.8820000290870667, 0.045799970626831055
65, 1, 0.35291966795921326, 0.871999979019165, 0.04063534736633301
65, 7, 0.32859763503074646, 0.8859999775886536, 0.0411224365234375
65, 0, 0.3374328017234802, 0.8880000114440918, 0.04506635665893555
66, 9, 0.30552938580513, 0.8930000066757202, 0.05347609519958496
66, 0, 0.31253936886787415, 0.8989999890327454, 0.03037881851196289
66, 8, 0.32678043842315674, 0.8799999952316284, 0.04593634605407715
66, 7, 0.3350558876991272, 0.8830000162124634, 0.051461219787597656
66, 3, 0.39003047347068787, 0.8629999756813049, 0.04496288299560547
66, 2, 0.3341772258281708, 0.871999979019165, 0.04706001281738281
66, 6, 0.33622264862060547, 0.8870000243186951, 0.038298845291137695
66, 5, 0.31972241401672363, 0.8790000081062317, 0.04638051986694336
66, 1, 0.33024054765701294, 0.8669999837875366, 0.03271842002868652
66, 4, 0.3168696463108063, 0.8840000033378601, 0.04400181770324707
67, 5, 0.31034424901008606, 0.8820000290870667, 0.05014371871948242
67, 4, 0.2788160443305969, 0.9039999842643738, 0.03313636779785156
67, 6, 0.32686010003089905, 0.8949999809265137, 0.044571638107299805
67, 8, 0.29943418502807617, 0.8930000066757202, 0.0450444221496582
67, 1, 0.3407434821128845, 0.8759999871253967, 0.03495430946350098
67, 0, 0.31756269931793213, 0.8949999809265137, 0.04383563995361328
67, 2, 0.33603960275650024, 0.8799999952316284, 0.04648327827453613
67, 3, 0.3709242343902588, 0.8629999756813049, 0.04083418846130371
67, 7, 0.32036131620407104, 0.8960000276565552, 0.04123282432556152
67, 9, 0.30612778663635254, 0.8899999856948853, 0.04367399215698242
68, 9, 0.3200271427631378, 0.8820000290870667, 0.049172163009643555
68, 8, 0.31743210554122925, 0.8859999775886536, 0.035179853439331055
68, 6, 0.34945622086524963, 0.8820000290870667, 0.03356742858886719
68, 0, 0.32373255491256714, 0.8939999938011169, 0.037001609802246094
68, 5, 0.3160286247730255, 0.8790000081062317, 0.04465794563293457
68, 3, 0.39341971278190613, 0.8610000014305115, 0.04535675048828125
68, 1, 0.3201131224632263, 0.8830000162124634, 0.038422346115112305
68, 2, 0.35011783242225647, 0.8740000128746033, 0.04741978645324707
68, 7, 0.32183387875556946, 0.890999972820282, 0.05143332481384277
68, 4, 0.299482524394989, 0.8960000276565552, 0.03744006156921387
69, 7, 0.3312077224254608, 0.8859999775886536, 0.04889249801635742
69, 3, 0.3875139057636261, 0.8600000143051147, 0.05177140235900879
69, 5, 0.31851235032081604, 0.8809999823570251, 0.04415392875671387
69, 4, 0.28866904973983765, 0.8980000019073486, 0.04645180702209473
69, 2, 0.3469167947769165, 0.8820000290870667, 0.048766136169433594
69, 9, 0.3139309585094452, 0.8849999904632568, 0.04191136360168457
69, 6, 0.3397400677204132, 0.8870000243186951, 0.039594173431396484
69, 8, 0.31445905566215515, 0.8930000066757202, 0.03990626335144043
69, 0, 0.33311548829078674, 0.8960000276565552, 0.04576563835144043
69, 1, 0.3544418215751648, 0.8769999742507935, 0.04772686958312988
70, 8, 0.3194667100906372, 0.8840000033378601, 0.04847860336303711
70, 0, 0.3203521966934204, 0.8949999809265137, 0.04712200164794922
70, 5, 0.31952574849128723, 0.8820000290870667, 0.04406023025512695
70, 6, 0.33513033390045166, 0.8889999985694885, 0.04835963249206543
70, 7, 0.32324862480163574, 0.8920000195503235, 0.045191049575805664
70, 9, 0.30716559290885925, 0.8880000114440918, 0.04563426971435547
70, 2, 0.33681976795196533, 0.8820000290870667, 0.04050850868225098
70, 1, 0.3449581265449524, 0.8700000047683716, 0.04763627052307129
70, 3, 0.38288530707359314, 0.8740000128746033, 0.041710615158081055
70, 4, 0.2891397178173065, 0.8999999761581421, 0.04058432579040527
71, 0, 0.31625697016716003, 0.8939999938011169, 0.04098653793334961
71, 5, 0.3123931288719177, 0.8840000033378601, 0.04380154609680176
71, 3, 0.3752603232860565, 0.8700000047683716, 0.049898386001586914
71, 9, 0.30005723237991333, 0.890999972820282, 0.038567304611206055
71, 8, 0.3087731897830963, 0.8880000114440918, 0.050415992736816406
71, 2, 0.3288772702217102, 0.8809999823570251, 0.04399871826171875
71, 7, 0.31968846917152405, 0.890999972820282, 0.04000401496887207
71, 4, 0.28749215602874756, 0.9020000100135803, 0.04460406303405762
71, 6, 0.32511958479881287, 0.8949999809265137, 0.0433347225189209
71, 1, 0.32051631808280945, 0.8820000290870667, 0.03410530090332031
72, 8, 0.3329614996910095, 0.8809999823570251, 0.05103039741516113
72, 9, 0.33224037289619446, 0.8880000114440918, 0.04755401611328125
72, 6, 0.33457913994789124, 0.8930000066757202, 0.0452122688293457
72, 4, 0.2962992191314697, 0.8999999761581421, 0.04773688316345215
72, 1, 0.36879977583885193, 0.875, 0.05034232139587402
72, 5, 0.33042123913764954, 0.878000020980835, 0.04793953895568848
72, 2, 0.3528270125389099, 0.8740000128746033, 0.04416084289550781
72, 7, 0.3379899561405182, 0.8889999985694885, 0.03988456726074219
72, 3, 0.3923250138759613, 0.8610000014305115, 0.04680895805358887
72, 0, 0.3401228189468384, 0.8880000114440918, 0.07427000999450684
73, 2, 0.34165942668914795, 0.8809999823570251, 0.04737401008605957
73, 4, 0.31322091817855835, 0.8880000114440918, 0.03449440002441406
73, 0, 0.3100389838218689, 0.8960000276565552, 0.0280606746673584
73, 1, 0.31472599506378174, 0.8790000081062317, 0.047002553939819336
73, 6, 0.34254273772239685, 0.8849999904632568, 0.0519261360168457
73, 7, 0.33211416006088257, 0.8899999856948853, 0.050841331481933594
73, 9, 0.3018052577972412, 0.8999999761581421, 0.0501711368560791
73, 5, 0.31342822313308716, 0.8740000128746033, 0.04312276840209961
73, 8, 0.3168432116508484, 0.8920000195503235, 0.04608941078186035
73, 3, 0.3957442045211792, 0.8600000143051147, 0.040771484375
74, 8, 0.3142555058002472, 0.8889999985694885, 0.04602694511413574
74, 2, 0.3414989411830902, 0.8740000128746033, 0.04813241958618164
74, 6, 0.3365119397640228, 0.8880000114440918, 0.04940080642700195
74, 1, 0.3297279179096222, 0.875, 0.044373273849487305
74, 0, 0.31488823890686035, 0.8939999938011169, 0.050185203552246094
74, 5, 0.3107372224330902, 0.8820000290870667, 0.04367232322692871
74, 4, 0.29310342669487, 0.8989999890327454, 0.033347368240356445
74, 7, 0.3283291161060333, 0.8939999938011169, 0.03777265548706055
74, 3, 0.3880667984485626, 0.8690000176429749, 0.039385080337524414
74, 9, 0.3073848783969879, 0.890999972820282, 0.04302692413330078
75, 0, 0.3252759277820587, 0.890999972820282, 0.03302431106567383
75, 1, 0.3488421142101288, 0.8769999742507935, 0.03089427947998047
75, 6, 0.3308432102203369, 0.8939999938011169, 0.048348188400268555
75, 7, 0.3307775855064392, 0.8899999856948853, 0.04667520523071289
75, 5, 0.3224422037601471, 0.8790000081062317, 0.03957772254943848
75, 2, 0.3420518934726715, 0.878000020980835, 0.050330162048339844
75, 3, 0.38557690382003784, 0.8650000095367432, 0.0470433235168457
75, 4, 0.3081819415092468, 0.8980000019073486, 0.04800128936767578
75, 8, 0.3099192678928375, 0.8930000066757202, 0.03990006446838379
75, 9, 0.3251621127128601, 0.8840000033378601, 0.049674272537231445
76, 8, 0.33339524269104004, 0.8849999904632568, 0.041098833084106445
76, 1, 0.35913270711898804, 0.8690000176429749, 0.04088616371154785
76, 0, 0.3321992754936218, 0.8920000195503235, 0.045873165130615234
76, 7, 0.3332032561302185, 0.8880000114440918, 0.04587221145629883
76, 9, 0.32555440068244934, 0.8899999856948853, 0.050240516662597656
76, 4, 0.3179699778556824, 0.8889999985694885, 0.03944110870361328
76, 6, 0.3446255028247833, 0.8930000066757202, 0.04486250877380371
76, 5, 0.3253891170024872, 0.8709999918937683, 0.04001641273498535
76, 2, 0.35319051146507263, 0.8769999742507935, 0.04879903793334961
76, 3, 0.3947031497955322, 0.8700000047683716, 0.04397845268249512
77, 5, 0.3040969669818878, 0.8870000243186951, 0.04097557067871094
77, 0, 0.317048043012619, 0.9039999842643738, 0.04193377494812012
77, 3, 0.36904841661453247, 0.8700000047683716, 0.05351400375366211
77, 7, 0.31025344133377075, 0.8970000147819519, 0.049611806869506836
77, 6, 0.3162345886230469, 0.9039999842643738, 0.04669952392578125
77, 2, 0.3282739520072937, 0.8849999904632568, 0.03273630142211914
77, 8, 0.2880851924419403, 0.8949999809265137, 0.04605269432067871
77, 4, 0.28511330485343933, 0.9020000100135803, 0.04251670837402344
77, 9, 0.2883107662200928, 0.8989999890327454, 0.04138350486755371
77, 1, 0.3357415795326233, 0.8799999952316284, 0.039556264877319336
78, 8, 0.31652405858039856, 0.8880000114440918, 0.045477867126464844
78, 1, 0.3488636612892151, 0.8809999823570251, 0.043871402740478516
78, 6, 0.33272480964660645, 0.8920000195503235, 0.04822516441345215
78, 0, 0.3338432013988495, 0.9010000228881836, 0.032837867736816406
78, 5, 0.324289470911026, 0.8830000162124634, 0.038074493408203125
78, 4, 0.2935575842857361, 0.9020000100135803, 0.042600393295288086
78, 2, 0.3489987552165985, 0.8769999742507935, 0.04418492317199707
78, 9, 0.31912773847579956, 0.8899999856948853, 0.04966449737548828
78, 7, 0.3217061161994934, 0.8870000243186951, 0.03003525733947754
78, 3, 0.37943071126937866, 0.8709999918937683, 0.04078483581542969
79, 4, 0.30630844831466675, 0.8889999985694885, 0.04692888259887695
79, 6, 0.32735809683799744, 0.8849999904632568, 0.05183243751525879
79, 0, 0.3059242069721222, 0.8999999761581421, 0.03601574897766113
79, 2, 0.34328317642211914, 0.8820000290870667, 0.045294761657714844
79, 8, 0.30604779720306396, 0.8859999775886536, 0.04850172996520996
79, 1, 0.3120242655277252, 0.8840000033378601, 0.04228520393371582
79, 3, 0.3943912088871002, 0.8650000095367432, 0.03496694564819336
79, 5, 0.3055919408798218, 0.8830000162124634, 0.04631400108337402
79, 9, 0.2987402081489563, 0.8920000195503235, 0.0403292179107666
79, 7, 0.3252619206905365, 0.8769999742507935, 0.038626909255981445
80, 9, 0.2988360822200775, 0.8889999985694885, 0.036727190017700195
80, 0, 0.30984872579574585, 0.9039999842643738, 0.04866313934326172
80, 5, 0.3137664496898651, 0.8840000033378601, 0.04207873344421387
80, 7, 0.31605619192123413, 0.8970000147819519, 0.04510807991027832
80, 4, 0.2907772958278656, 0.9020000100135803, 0.047750234603881836
80, 1, 0.3403017222881317, 0.8790000081062317, 0.028844118118286133
80, 3, 0.3866109848022461, 0.8700000047683716, 0.04909944534301758
80, 6, 0.32738497853279114, 0.8960000276565552, 0.039472341537475586
80, 2, 0.3184078633785248, 0.8870000243186951, 0.04336047172546387
80, 8, 0.29392796754837036, 0.8970000147819519, 0.04213285446166992
81, 8, 0.3192441165447235, 0.890999972820282, 0.04539012908935547
81, 5, 0.3204588294029236, 0.8830000162124634, 0.04833340644836426
81, 7, 0.3399304747581482, 0.8889999985694885, 0.04352736473083496
81, 1, 0.31677791476249695, 0.878000020980835, 0.04898548126220703
81, 4, 0.3192177414894104, 0.8899999856948853, 0.04235410690307617
81, 6, 0.34571805596351624, 0.8820000290870667, 0.04166722297668457
81, 0, 0.3191518783569336, 0.8960000276565552, 0.03999829292297363
81, 9, 0.3101135492324829, 0.8899999856948853, 0.04146695137023926
81, 3, 0.4071112275123596, 0.8579999804496765, 0.04107332229614258
81, 2, 0.34118127822875977, 0.878000020980835, 0.04096531867980957
82, 3, 0.4029063284397125, 0.8610000014305115, 0.029103755950927734
82, 1, 0.32645973563194275, 0.8790000081062317, 0.0326077938079834
82, 7, 0.3279874324798584, 0.8899999856948853, 0.04487156867980957
82, 0, 0.3117716908454895, 0.9020000100135803, 0.0525820255279541
82, 8, 0.31494757533073425, 0.8840000033378601, 0.04486894607543945
82, 9, 0.305839866399765, 0.8980000019073486, 0.04738450050354004
82, 6, 0.33346325159072876, 0.8840000033378601, 0.04549145698547363
82, 4, 0.30973899364471436, 0.8949999809265137, 0.04437088966369629
82, 5, 0.3069627285003662, 0.8830000162124634, 0.040178537368774414
82, 2, 0.33402764797210693, 0.8820000290870667, 0.04138016700744629
83, 4, 0.30372339487075806, 0.8970000147819519, 0.051764488220214844
83, 3, 0.3877740800380707, 0.8629999756813049, 0.04500532150268555
83, 8, 0.32248955965042114, 0.8930000066757202, 0.045026302337646484
83, 5, 0.30991414189338684, 0.8899999856948853, 0.04767870903015137
83, 0, 0.337887704372406, 0.8970000147819519, 0.03689146041870117
83, 6, 0.32316309213638306, 0.9039999842643738, 0.04688286781311035
83, 7, 0.329090416431427, 0.8930000066757202, 0.053374528884887695
83, 9, 0.3303897976875305, 0.8870000243186951, 0.041913747787475586
83, 1, 0.37071362137794495, 0.8690000176429749, 0.03953695297241211
83, 2, 0.34560251235961914, 0.8769999742507935, 0.03757166862487793
84, 1, 0.3459457457065582, 0.871999979019165, 0.04377865791320801
84, 2, 0.32118457555770874, 0.8899999856948853, 0.04093170166015625
84, 6, 0.3236822783946991, 0.8980000019073486, 0.05189776420593262
84, 4, 0.2896222174167633, 0.9010000228881836, 0.04964852333068848
84, 8, 0.3102458417415619, 0.8889999985694885, 0.04945802688598633
84, 0, 0.321958065032959, 0.9010000228881836, 0.04509782791137695
84, 7, 0.3198256194591522, 0.8889999985694885, 0.044835567474365234
84, 9, 0.30808374285697937, 0.8840000033378601, 0.04122734069824219
84, 3, 0.37874820828437805, 0.8769999742507935, 0.042522430419921875
84, 5, 0.31875666975975037, 0.8820000290870667, 0.04736161231994629
85, 1, 0.3174751102924347, 0.8769999742507935, 0.04660367965698242
85, 9, 0.30336466431617737, 0.8930000066757202, 0.03741455078125
85, 2, 0.335199236869812, 0.8840000033378601, 0.04152083396911621
85, 7, 0.33595824241638184, 0.8859999775886536, 0.028723716735839844
85, 4, 0.295836478471756, 0.8989999890327454, 0.04705357551574707
85, 6, 0.3383362293243408, 0.8870000243186951, 0.04717898368835449
85, 5, 0.3069804906845093, 0.8859999775886536, 0.047834157943725586
85, 8, 0.30352628231048584, 0.8899999856948853, 0.04454159736633301
85, 3, 0.3905961811542511, 0.8619999885559082, 0.04427218437194824
85, 0, 0.3139268457889557, 0.8989999890327454, 0.03862714767456055
86, 1, 0.3412824869155884, 0.8809999823570251, 0.0426783561706543
86, 6, 0.3242141902446747, 0.902999997138977, 0.03451132774353027
86, 3, 0.38642486929893494, 0.8640000224113464, 0.051734209060668945
86, 4, 0.27113497257232666, 0.9020000100135803, 0.04684805870056152
86, 2, 0.3351750075817108, 0.8859999775886536, 0.043915748596191406
86, 5, 0.3116990923881531, 0.8799999952316284, 0.04941368103027344
86, 0, 0.31869855523109436, 0.8999999761581421, 0.0394895076751709
86, 7, 0.32015013694763184, 0.8920000195503235, 0.043572425842285156
86, 8, 0.29900407791137695, 0.8970000147819519, 0.0448760986328125
86, 9, 0.30326002836227417, 0.890999972820282, 0.04391312599182129
87, 4, 0.2785135507583618, 0.902999997138977, 0.04453778266906738
87, 5, 0.31620845198631287, 0.8840000033378601, 0.04516887664794922
87, 0, 0.32973313331604004, 0.8949999809265137, 0.029088258743286133
87, 9, 0.3161108195781708, 0.8880000114440918, 0.045508384704589844
87, 7, 0.3190982937812805, 0.8920000195503235, 0.0494992733001709
87, 8, 0.3056630492210388, 0.8989999890327454, 0.053121089935302734
87, 1, 0.35657787322998047, 0.875, 0.04080605506896973
87, 2, 0.3449609577655792, 0.8889999985694885, 0.036683082580566406
87, 3, 0.3909197449684143, 0.8650000095367432, 0.045274972915649414
87, 6, 0.32261359691619873, 0.8999999761581421, 0.03992199897766113
88, 6, 0.3429293632507324, 0.890999972820282, 0.04913759231567383
88, 7, 0.33293014764785767, 0.8870000243186951, 0.04160451889038086
88, 0, 0.3193412125110626, 0.9020000100135803, 0.04952263832092285
88, 4, 0.3132803738117218, 0.8870000243186951, 0.04473114013671875
88, 3, 0.39981305599212646, 0.8629999756813049, 0.05019187927246094
88, 8, 0.31037044525146484, 0.8939999938011169, 0.05397915840148926
88, 2, 0.3421950340270996, 0.8790000081062317, 0.028571128845214844
88, 1, 0.3326934576034546, 0.875, 0.04637885093688965
88, 5, 0.31340157985687256, 0.8849999904632568, 0.04023289680480957
88, 9, 0.29732826352119446, 0.8930000066757202, 0.04376411437988281
89, 2, 0.3345581889152527, 0.8840000033378601, 0.04488062858581543
89, 5, 0.3139042258262634, 0.890999972820282, 0.046651363372802734
89, 1, 0.33064237236976624, 0.8799999952316284, 0.045665740966796875
89, 7, 0.32705190777778625, 0.8899999856948853, 0.04939150810241699
89, 3, 0.3912716507911682, 0.8700000047683716, 0.045449256896972656
89, 6, 0.3272630274295807, 0.8920000195503235, 0.029750347137451172
89, 8, 0.3071143329143524, 0.8960000276565552, 0.040384769439697266
89, 4, 0.28735649585723877, 0.8980000019073486, 0.04389619827270508
89, 0, 0.3235913813114166, 0.8989999890327454, 0.042322397232055664
89, 9, 0.2941226065158844, 0.8999999761581421, 0.04716300964355469
90, 3, 0.3798777461051941, 0.8759999871253967, 0.036580801010131836
90, 8, 0.2958453893661499, 0.8989999890327454, 0.04919791221618652
90, 7, 0.3206334710121155, 0.8920000195503235, 0.05036187171936035
90, 4, 0.29000869393348694, 0.9020000100135803, 0.04774951934814453
90, 6, 0.33941492438316345, 0.8980000019073486, 0.04894661903381348
90, 1, 0.3470372259616852, 0.8820000290870667, 0.04545283317565918
90, 0, 0.32732075452804565, 0.8999999761581421, 0.04808354377746582
90, 9, 0.3040325939655304, 0.8849999904632568, 0.04231667518615723
90, 2, 0.3203887939453125, 0.8859999775886536, 0.041792869567871094
90, 5, 0.3175272047519684, 0.8859999775886536, 0.03773093223571777
91, 9, 0.3186616003513336, 0.8920000195503235, 0.03967571258544922
91, 0, 0.32085511088371277, 0.9010000228881836, 0.05102348327636719
91, 1, 0.3304344117641449, 0.8809999823570251, 0.046523332595825195
91, 8, 0.3234981894493103, 0.8889999985694885, 0.04280519485473633
91, 7, 0.3465462028980255, 0.8870000243186951, 0.048304080963134766
91, 4, 0.32114461064338684, 0.8899999856948853, 0.030063629150390625
91, 3, 0.41347113251686096, 0.8579999804496765, 0.05057692527770996
91, 5, 0.334775447845459, 0.8809999823570251, 0.03724479675292969
91, 2, 0.3427586257457733, 0.8709999918937683, 0.04503607749938965
91, 6, 0.3564354479312897, 0.878000020980835, 0.04053783416748047
92, 0, 0.3148668706417084, 0.9039999842643738, 0.03752493858337402
92, 3, 0.40113145112991333, 0.8669999837875366, 0.03832101821899414
92, 7, 0.32430821657180786, 0.8889999985694885, 0.04789304733276367
92, 2, 0.326345831155777, 0.8849999904632568, 0.05091500282287598
92, 6, 0.32798638939857483, 0.890999972820282, 0.049002885818481445
92, 9, 0.29584038257598877, 0.8999999761581421, 0.039844512939453125
92, 1, 0.338020384311676, 0.8830000162124634, 0.039792776107788086
92, 4, 0.28366145491600037, 0.9039999842643738, 0.047481536865234375
92, 8, 0.30970466136932373, 0.8870000243186951, 0.0387272834777832
92, 5, 0.3044213354587555, 0.8880000114440918, 0.044671058654785156
93, 8, 0.2974667549133301, 0.8980000019073486, 0.05195045471191406
93, 6, 0.31843963265419006, 0.8980000019073486, 0.032415151596069336
93, 0, 0.31240370869636536, 0.9010000228881836, 0.04634881019592285
93, 4, 0.2689596116542816, 0.9089999794960022, 0.03341984748840332
93, 3, 0.3850386142730713, 0.8690000176429749, 0.047829627990722656
93, 5, 0.3075864613056183, 0.8939999938011169, 0.044211387634277344
93, 1, 0.3395686745643616, 0.8799999952316284, 0.049062490463256836
93, 7, 0.3119833469390869, 0.8970000147819519, 0.040895700454711914
93, 2, 0.31998711824417114, 0.8939999938011169, 0.04470992088317871
93, 9, 0.2949124872684479, 0.8960000276565552, 0.03880167007446289
94, 6, 0.32890796661376953, 0.8889999985694885, 0.037278175354003906
94, 2, 0.3297611176967621, 0.8880000114440918, 0.028275251388549805
94, 1, 0.33166277408599854, 0.8840000033378601, 0.050232648849487305
94, 0, 0.3284231126308441, 0.8960000276565552, 0.04799056053161621
94, 3, 0.39401665329933167, 0.8690000176429749, 0.052127838134765625
94, 4, 0.2886050045490265, 0.8970000147819519, 0.04406237602233887
94, 9, 0.30146297812461853, 0.8920000195503235, 0.03982806205749512
94, 5, 0.3185923397541046, 0.8849999904632568, 0.04745888710021973
94, 7, 0.32076314091682434, 0.8970000147819519, 0.04282808303833008
94, 8, 0.3025960624217987, 0.8970000147819519, 0.03962087631225586
95, 7, 0.32857272028923035, 0.8920000195503235, 0.03467535972595215
95, 2, 0.3453318476676941, 0.8849999904632568, 0.04493856430053711
95, 9, 0.3145560920238495, 0.8939999938011169, 0.04736590385437012
95, 0, 0.3205353617668152, 0.9049999713897705, 0.05185365676879883
95, 6, 0.3464992642402649, 0.8840000033378601, 0.04279136657714844
95, 1, 0.331468790769577, 0.8759999871253967, 0.03504061698913574
95, 4, 0.3089281916618347, 0.902999997138977, 0.0476682186126709
95, 8, 0.33205080032348633, 0.8820000290870667, 0.0413060188293457
95, 5, 0.321343332529068, 0.8809999823570251, 0.05070066452026367
95, 3, 0.4128948450088501, 0.8619999885559082, 0.04106855392456055
96, 9, 0.3226924538612366, 0.8980000019073486, 0.04779839515686035
96, 4, 0.32242971658706665, 0.8889999985694885, 0.03856492042541504
96, 5, 0.3332153856754303, 0.875, 0.04199957847595215
96, 7, 0.3413211703300476, 0.8930000066757202, 0.04773092269897461
96, 1, 0.33493030071258545, 0.8759999871253967, 0.0390932559967041
96, 8, 0.3374841511249542, 0.8870000243186951, 0.038681983947753906
96, 3, 0.4245518445968628, 0.8600000143051147, 0.0473332405090332
96, 6, 0.35738664865493774, 0.8820000290870667, 0.04993295669555664
96, 2, 0.34296873211860657, 0.8820000290870667, 0.03956270217895508
96, 0, 0.33405035734176636, 0.8920000195503235, 0.04301786422729492
97, 8, 0.32642048597335815, 0.8999999761581421, 0.046658992767333984
97, 7, 0.33988288044929504, 0.8930000066757202, 0.04825854301452637
97, 2, 0.3470219075679779, 0.8840000033378601, 0.037220001220703125
97, 5, 0.32821154594421387, 0.8849999904632568, 0.04349541664123535
97, 4, 0.3078100383281708, 0.9010000228881836, 0.03948783874511719
97, 1, 0.375756174325943, 0.8740000128746033, 0.04448246955871582
97, 9, 0.3322269022464752, 0.8840000033378601, 0.04087543487548828
97, 0, 0.34688860177993774, 0.8989999890327454, 0.03820919990539551
97, 3, 0.4088442325592041, 0.871999979019165, 0.04149436950683594
97, 6, 0.32831132411956787, 0.902999997138977, 0.04686379432678223
98, 6, 0.3376830816268921, 0.8930000066757202, 0.04546189308166504
98, 7, 0.3410175144672394, 0.8880000114440918, 0.04399895668029785
98, 4, 0.289744108915329, 0.8999999761581421, 0.05099964141845703
98, 5, 0.3311225175857544, 0.8859999775886536, 0.04251575469970703
98, 3, 0.4152848422527313, 0.8659999966621399, 0.046576499938964844
98, 9, 0.33063608407974243, 0.8849999904632568, 0.03972053527832031
98, 0, 0.3351672887802124, 0.8989999890327454, 0.03851652145385742
98, 8, 0.33311113715171814, 0.8799999952316284, 0.047277212142944336
98, 1, 0.35963380336761475, 0.8730000257492065, 0.04488968849182129
98, 2, 0.3563859462738037, 0.8809999823570251, 0.04759693145751953
99, 3, 0.3903525471687317, 0.8709999918937683, 0.04965519905090332
99, 9, 0.30354073643684387, 0.8930000066757202, 0.04282689094543457
99, 4, 0.2845498025417328, 0.9070000052452087, 0.048853397369384766
99, 2, 0.32192936539649963, 0.8920000195503235, 0.0472254753112793
99, 7, 0.3265230357646942, 0.8970000147819519, 0.039295196533203125
99, 0, 0.3250104784965515, 0.9020000100135803, 0.045656681060791016
99, 6, 0.33581027388572693, 0.8989999890327454, 0.04110407829284668
99, 5, 0.3102376163005829, 0.8870000243186951, 0.03992104530334473
99, 1, 0.3345182240009308, 0.8880000114440918, 0.04144001007080078
99, 8, 0.30551302433013916, 0.8960000276565552, 0.041524410247802734
100, 6, 0.3292950391769409, 0.8989999890327454, 0.048087120056152344
100, 4, 0.29297003149986267, 0.8999999761581421, 0.04213523864746094
100, 5, 0.33832672238349915, 0.8799999952316284, 0.03862714767456055
100, 8, 0.33681628108024597, 0.8859999775886536, 0.04647541046142578
100, 7, 0.33971261978149414, 0.8889999985694885, 0.05020952224731445
100, 1, 0.3846570551395416, 0.8700000047683716, 0.04238104820251465
100, 3, 0.41141659021377563, 0.871999979019165, 0.033969879150390625
100, 2, 0.35452336072921753, 0.8759999871253967, 0.0402827262878418
100, 0, 0.3485233783721924, 0.9010000228881836, 0.0390620231628418
100, 9, 0.3448902368545532, 0.8889999985694885, 0.04081559181213379
